X,y
"[ 8  8  8  8  8  8  8  2  8  8  8 10  8  8  8 10 10 10 13  8  2  2 13  0
 10  5  5  8  2  2 10  7  7  0  1  0 18 10 10 10 10 13 13 13 13  1  5  8
  8  7  5]",[8]
"[ 8  8  8  8  8  8  8  2  8  8  8 10  8  8  8 10 10 10 13  8  2  2 13  0
 10  5  5  8  2  2 10  7  7  0  1  0 18 10 10 10 10 13 13 13 13  1  5  8
  8  7  5]",[8]
"[ 8  8  8  8  8  8  8  2  8  8  8 10  8  8  8 10 10 10 13  8  2  2 13  0
 10  5  5  8  2  2 10  7  7  0  1  0 18 10 10 10 10 13 13 13 13  1  5  8
  8  7  5]",[8]
"[ 8  8  8  8  8  8  8  2  8  8  8 10  8  8  8 10 10 10 13  8  2  2 13  0
 10  5  5  8  2  2 10  7  7  0  1  0 18 10 10 10 10 13 13 13 13  1  5  8
  8  7  5]",[8]
"[ 8  8  8  8  8  8  8  2  8  8  8 10  8  8  8 10 10 10 13  8  2  2 13  0
 10  5  5  8  2  2 10  7  7  0  1  0 18 10 10 10 10 13 13 13 13  1  5  8
  8  7  5]",[8]
"[ 8  8  8  8  8  8  8  2  8  8  8 10  8  8  8 10 10 10 13  8  2  2 13  0
 10  5  5  8  2  2 10  7  7  0  1  0 18 10 10 10 10 13 13 13 13  1  5  8
  8  7  5]",[8]
"[ 8  8  8  8  8  8  8  2  8  8  8 10  8  8  8 10 10 10 13  8  2  2 13  0
 10  5  5  8  2  2 10  7  7  0  1  0 18 10 10 10 10 13 13 13 13  1  5  8
  8  7  5]",[8]
"[ 8  8  8  8  8  8  8  2  8  8  8 10  8  8  8 10 10 10 13  8  2  2 13  0
 10  5  5  8  2  2 10  7  7  0  1  0 18 10 10 10 10 13 13 13 13  1  5  8
  8  7  5]",[2]
"[ 8  8  8  8 10  8  8  8 10 10 10 13  8  2  2 13  0 10  5  5  8  0  2  2
 10  8  7  7  0  1  0 18 10 10 10 10 13 13 13 13  1  5  8  8  1  7  5]",[8]
"[ 8  8  8  8 10  8  8  8 10 10 10 13  8  2  2 13  0 10  5  5  8  0  2  2
 10  8  7  7  0  1  0 18 10 10 10 10 13 13 13 13  1  5  8  8  1  7  5]",[8]
"[ 8  8  8  8 10  8  8  8 10 10 10 13  8  2  2 13  0 10  5  5  8  0  2  2
 10  8  7  7  0  1  0 18 10 10 10 10 13 13 13 13  1  5  8  8  1  7  5]",[8]
"[ 8 10  8  8  8 10 10 10 13  8  2  2 13  0 10  5  5 19  8  0  2  2 10  8
  7  7  0  1  0 18 10 10 10 10 13 13 13 13  1  5  8  8  1  7  5]",[8]
"[10  8  8  8  8 10 10 10 13  8  2  2 13  0 10  5  5 19 19 19  8  0  2  2
  2 10  8  7  7  0  1  0 18 10 10 10 10 13 13 13 13  1  5  8  8  1  7  5]",[10]
"[ 8  8  8  8 10 10 10 13  8  2  2 13  0 10  5  5 19 19 19  8  0  2  2  2
 10  8  7  7  0  1  0 18 10 10 10 10 13 13 13 13  1  5  8  8  1  7  5]",[8]
"[ 8  8  8  8 10 10 10 13  8  2  2 13  0 10  5  5 19 19 19  8  0  2  2  2
 10  8  7  7  0  1  0 18 10 10 10 10 13 13 13 13  1  5  8  8  1  7  5]",[8]
"[ 8  8 10 10 10 13  8  2  2 13  0 10 10  5  5 19 19 19  8  0  2  2  2 10
  8  7  7  0  1  0 18 10 10 10 10 13 13 13 13  1  5  8  8  1  7  5]",[8]
"[ 8  8 10 10 10 13  8  2  2 13  0 10 10  5  5 19 19 19  8  0  2  2  2 10
  8  7  7  0  1  0 18 10 10 10 10 13 13 13 13  1  5  8  8  1  7  5]",[8]
"[10 10 10 13  8  2  2 13  0 10 10  5  5 19 19 19  8  0  2  2  2 10  8  7
  7  0  1  0 18 10 10 10 10 13 13 13 13  1  5  8  8  1  7  5]",[10]
"[10 10 10 13  8  2  2 13  0 10 10  5  5 19 19 19  8  0  2  2  2 10  8  7
  7  0  1  0 18 10 10 10 10 13 13 13 13  1  5  8  8  1  7  5]",[10]
"[10 13  8  8  8  2  2 13  0 10 10 10  5  5  0 19 19 19 19 11 11  8  0  2
  2  2 10  8  7  7  0  1 10  0 18 10 10 10 10 10 13 13 13 13  1  7  5 10
  5  8  8 10 19  8  8  1  7 10  5]",[10]
"[10 13  8  8  8  2  2 13  0 10 10 10  5  5  0 19 19 19 19 11 11  8  0  2
  2  2 10  8  7  7  0  1 10  0 18 10 10 10 10 10 13 13 13 13  1  7  5 10
  5  8  8 10 19  8  8  1  7 10  5]",[13]
"[10 13  8  8  8  2  2 13  0 10 10 10  5  5  0 19 19 19 19 11 11  8  0  2
  2  2 10  8  7  7  0  1 10  0 18 10 10 10 10 10 13 13 13 13  1  7  5 10
  5  8  8 10 19  8  8  1  7 10  5]",[8]
"[10 13  8  8  8  2  2 13  0 10 10 10  5  5  0 19 19 19 19 11 11  8  0  2
  2  2 10  8  7  7  0  1 10  0 18 10 10 10 10 10 13 13 13 13  1  7  5 10
  5  8  8 10 19  8  8  1  7 10  5]",[8]
"[10 13  8  8  8  2  2 13  0 10 10 10  5  5  0 19 19 19 19 11 11  8  0  2
  2  2 10  8  7  7  0  1 10  0 18 10 10 10 10 10 13 13 13 13  1  7  5 10
  5  8  8 10 19  8  8  1  7 10  5]",[8]
"[ 2  2 13  0 10 10 10  5  5  0 19 19 19 19 11 11  8  0  2  2  2 10  8  7
  7  0  1 10  0 18 10 10 10 10 10 13 13 13 13  1  7  5 10  5  8  8 10 19
  8  8  1  7 10  5]",[2]
"[ 2 13 13  0 10 10 10  5  5  0 19 19 19 19 11 11  8  0  2  2  2 10  8  7
  7  0  1 10  0 18 10 10 10 10 10 13 13 13 13  1  7  5 10  5  8  8 10 19
  8  8  1  7 10  5]",[2]
"[ 2 13 13  0 10 10 10  5  5  0 19 19 19 19 11 11  8  0  2  2  2 10  8  7
  7  0  1 10  0 18 10 10 10 10 10 13 13 13 13  1  7  5 10  5  8  8 10 19
  8  8  1  7 10  5]",[13]
"[13  0 10 10 10  5  5  0 19 19 19 19 11 11  8  0  2  2  2  2 10  8  7  7
  0  1 10  0 18 10 10 10 10 10 13 13 13 13  1  7  5  2  5 10 10  5  8  8
 10  0  0 19  8  8  1  7 10  5]",[13]
"[ 0 10 10 10  5  5  0 19 19 19 19 11 11  8  0  2  2  2  2 10  8  7  7  0
  1 10  0 18 10 10 10 10 10 13 13 13 13  1  7  5  2  5 10 10  5  8  8 10
  0  0 19  8  8  1  7 10  5]",[0]
"[10 10 10 10  5  5  0 19 19 19 19 11 11 11  8  0  2  2  2  2 10  8  7  7
  0  1 10  0 18 10 10 10 10 10 10 13 13 13 13  1  7  5  2  5 10 10  5  8
  8 10  0  0 19 12  8  8  1  7 10  5]",[10]
"[10 10 10 10  5  5  0 19 19 19 19 11 11 11  8  0  2  2  2  2 10  8  7  7
  0  1 10  0 18 10 10 10 10 10 10 13 13 13 13  1  7  5  2  5 10 10  5  8
  8 10  0  0 19 12  8  8  1  7 10  5]",[10]
"[10 10 10 10  5  5  0 19 19 19 19 11 11 11  8  0  2  2  2  2 10  8  7  7
  0  1 10  0 18 10 10 10 10 10 10 13 13 13 13  1  7  5  2  5 10 10  5  8
  8 10  0  0 19 12  8  8  1  7 10  5]",[10]
"[10 10 10 10  5  5  0 19 19 19 19 11 11 11  8  0  2  2  2  2 10  8  7  7
  0  1 10  0 18 10 10 10 10 10 10 13 13 13 13  1  7  5  2  5 10 10  5  8
  8 10  0  0 19 12  8  8  1  7 10  5]",[10]
"[ 5  5  0  0 19 19 19 19 11 11 11  8  0  2  2  2  2  2  2 10  2  8  7  7
  0  1 10  0 18 10 10 10 10 10 10 10 10 13 13 13 13 13  1  7  5 13  2  0
  0  5 10 10  5  8  8 10  0  0 19 12  8  8  1  7 10  5  5]",[5]
"[ 5  5  0  0 19 19 19 19 11 11 11  8  0  2  2  2  2  2  2 10  2  8  7  7
  0  1 10  0 18 10 10 10 10 10 10 10 10 13 13 13 13 13  1  7  5 13  2  0
  0  5 10 10  5  8  8 10  0  0 19 12  8  8  1  7 10  5  5]",[5]
"[ 0  0 19 19 19 19 11 11 11  8  0  0  2  2  2  2  2  2 10  2  8  8  7  7
  0  1  1 10 18 10  0 18 10 10 10 10 10 10 10 10  5  5 13 13 13 13 13 13
  1  7  5 10 13  2  0  0  5 10 10  5  8  8  2  2 10  8  8  8  0  0  0 10
 10 19  8  4 12  8  8  1  7 10 10  5  5  5]",[0]
"[ 0 19 19 19 19 11 11 11  8  0  0  2  2  2  2  2  2 10  2  8  8  7  7  0
  1  1 10 18 10  0 18 10 10 10 10 10 10 10 10  5  5 13 13 13 13 13 13  1
  7  5 10 13  2  0  0  5 10 10  5  8  8  2  2 10  8  8  8  0  0  0 10 10
 19  8  4 12  8  8  1  7 10 10  5  5  5]",[0]
"[19 19 19 19 11 11 11  8  8  0  0  2  2  2  2  2  2 10  2  8  8  7  7  0
  1  1 10 18 10  0 18 10 10 10 10 10 10 10 10 10  5  5 13 13 13 13 13 13
  1  7  5 10 13  2  0  0  5 10 10  5  8  8  2  2 10  8  8  8  0  0  0 10
 10 19  8  4 12  8  8  1  7 10 10  5  5  5]",[19]
"[19 19 19 19 11 11 11  8  8  0  0  2  2  2  2  2  2 10  2  8  8  7  7  0
  1  1 10 18 10  0 18 10 10 10 10 10 10 10 10 10  5  5 13 13 13 13 13 13
  1  7  5 10 13  2  0  0  5 10 10  5  8  8  2  2 10  8  8  8  0  0  0 10
 10 19  8  4 12  8  8  1  7 10 10  5  5  5]",[19]
"[19 19 19 19 11 11 11  8  8  0  0  2  2  2  2  2  2 10  2  8  8  7  7  0
  1  1 10 18 10  0 18 10 10 10 10 10 10 10 10 10  5  5 13 13 13 13 13 13
  1  7  5 10 13  2  0  0  5 10 10  5  8  8  2  2 10  8  8  8  0  0  0 10
 10 19  8  4 12  8  8  1  7 10 10  5  5  5]",[19]
"[19 19 19 19 11 11 11  8  8  0  0  2  2  2  2  2  2 10  2  8  8  7  7  0
  1  1 10 18 10  0 18 10 10 10 10 10 10 10 10 10  5  5 13 13 13 13 13 13
  1  7  5 10 13  2  0  0  5 10 10  5  8  8  2  2 10  8  8  8  0  0  0 10
 10 19  8  4 12  8  8  1  7 10 10  5  5  5]",[19]
"[11 11 11  8  8  0  0  2  2  2  2  2  2 10  2  8  8  7  7  0  1  1 10 18
 10  0 18 10 10 10 10 10 10 10 10 10  5  5 13 13 13 13 13 13  1  7  5 10
 13  2  0  0  5 10 10  5  8  8  2  2 10  8  8  8  0  0  0 10 10 19  8  8
  4 12  8  8  1  7 10 10  5  5  5]",[11]
"[11 11 11  8  8  0  0  2  2  2  2  2  2 10  2  8  8  7  7  0  1  1 10 18
 10  0 18 10 10 10 10 10 10 10 10 10  5  5 13 13 13 13 13 13  1  7  5 10
 13  2  0  0  5 10 10  5  8  8  2  2 10  8  8  8  0  0  0 10 10 19  8  8
  4 12  8  8  1  7 10 10  5  5  5]",[11]
"[11 11 11  8  8  0  0  2  2  2  2  2  2 10  2  8  8  7  7  0  1  1 10 18
 10  0 18 10 10 10 10 10 10 10 10 10  5  5 13 13 13 13 13 13  1  7  5 10
 13  2  0  0  5 10 10  5  8  8  2  2 10  8  8  8  0  0  0 10 10 19  8  8
  4 12  8  8  1  7 10 10  5  5  5]",[11]
"[11 11 11  8  8  0  0  2  2  2  2  2  2 10  2  8  8  7  7  0  1  1 10 18
 10  0 18 10 10 10 10 10 10 10 10 10  5  5 13 13 13 13 13 13  1  7  5 10
 13  2  0  0  5 10 10  5  8  8  2  2 10  8  8  8  0  0  0 10 10 19  8  8
  4 12  8  8  1  7 10 10  5  5  5]",[8]
"[11 11 11  8  8  0  0  2  2  2  2  2  2 10  2  8  8  7  7  0  1  1 10 18
 10  0 18 10 10 10 10 10 10 10 10 10  5  5 13 13 13 13 13 13  1  7  5 10
 13  2  0  0  5 10 10  5  8  8  2  2 10  8  8  8  0  0  0 10 10 19  8  8
  4 12  8  8  1  7 10 10  5  5  5]",[8]
"[ 0  0  2  2  2  2  2  2 10  2  8  8  7  7  0  1  1 10 18 10  0 18 10 10
 10 10 10 10 10 10 10  5  5 13 13 13 13 13 13  1  7  5 10 13  2  0  0  5
 10 10  5  8  8  2  2 10  8  8  8  0  0  0 10 10 19  8  8  4 12  8  8  1
  7 10 10  5  5  5]",[0]
"[ 0  0  2  2  2  2  2  2 10  2  8  8  7  7  0  1  1 10 18 10  0 18 10 10
 10 10 10 10 10 10 10  5  5 13 13 13 13 13 13  1  7  5 10 13  2  0  0  5
 10 10  5  8  8  2  2 10  8  8  8  0  0  0 10 10 19  8  8  4 12  8  8  1
  7 10 10  5  5  5]",[0]
"[ 0  0  2  2  2  2  2  2 10  2  8  8  7  7  0  1  1 10 18 10  0 18 10 10
 10 10 10 10 10 10 10  5  5 13 13 13 13 13 13  1  7  5 10 13  2  0  0  5
 10 10  5  8  8  2  2 10  8  8  8  0  0  0 10 10 19  8  8  4 12  8  8  1
  7 10 10  5  5  5]",[2]
"[ 0  0  2  2  2  2  2  2 10  2  8  8  7  7  0  1  1 10 18 10  0 18 10 10
 10 10 10 10 10 10 10  5  5 13 13 13 13 13 13  1  7  5 10 13  2  0  0  5
 10 10  5  8  8  2  2 10  8  8  8  0  0  0 10 10 19  8  8  4 12  8  8  1
  7 10 10  5  5  5]",[2]
"[ 0  0  2  2  2  2  2  2 10  2  8  8  7  7  0  1  1 10 18 10  0 18 10 10
 10 10 10 10 10 10 10  5  5 13 13 13 13 13 13  1  7  5 10 13  2  0  0  5
 10 10  5  8  8  2  2 10  8  8  8  0  0  0 10 10 19  8  8  4 12  8  8  1
  7 10 10  5  5  5]",[2]
"[ 0  0  2  2  2  2  2  2 10  2  8  8  7  7  0  1  1 10 18 10  0 18 10 10
 10 10 10 10 10 10 10  5  5 13 13 13 13 13 13  1  7  5 10 13  2  0  0  5
 10 10  5  8  8  2  2 10  8  8  8  0  0  0 10 10 19  8  8  4 12  8  8  1
  7 10 10  5  5  5]",[2]
"[ 0  0  2  2  2  2  2  2 10  2  8  8  7  7  0  1  1 10 18 10  0 18 10 10
 10 10 10 10 10 10 10  5  5 13 13 13 13 13 13  1  7  5 10 13  2  0  0  5
 10 10  5  8  8  2  2 10  8  8  8  0  0  0 10 10 19  8  8  4 12  8  8  1
  7 10 10  5  5  5]",[2]
"[ 0  0  2  2  2  2  2  2 10  2  8  8  7  7  0  1  1 10 18 10  0 18 10 10
 10 10 10 10 10 10 10  5  5 13 13 13 13 13 13  1  7  5 10 13  2  0  0  5
 10 10  5  8  8  2  2 10  8  8  8  0  0  0 10 10 19  8  8  4 12  8  8  1
  7 10 10  5  5  5]",[2]
"[10  2  8  8  7  7  0  1  1 10 18 10  0 18 10 10 10 10 10 10 10 10 10  5
  5 13 13 13 13 13 13  1  7  5 10 13  2  0  0  5 10 10  5  8  8  2  2 10
  8  8  8  0  0  0 10 10 19  8  8  4 12  8  8  1  7 10 10  5  5  5]",[10]
"[ 2  0  8  8  7  7  0  1  1 10 18 10  0 18 10 10 10 10 10 10 10 10 10  5
  5 13 13 13 13 13 13  1  7  5 10 13  2  0  0  5 10 10  5  8  8  2  2 10
  8  8  8  0  0  0 10 10 19  8  2  8  4 12  8  8  1  7 10 10  0  5  5  5]",[2]
"[ 2  0  8  8  7  7  0  1  1 10 18 10  0 18 10 10 10 10 10 10 10 10 10  5
  5 13 13 13 13 13 13  1  7  5 10 13  2  0  0  5 10 10  5  8  8  2  2 10
  8  8  8  0  0  0 10 10 19  8  2  8  4 12  8  8  1  7 10 10  0  5  5  5]",[0]
"[ 8  8  7  7  0  1  1 10 18 10  0 18 10 10 10 10 10 10 10 10 10  5  5 13
 13 13 13 13 13  1  7  5  5 10 13  2  0  0 10  5 10 10  5  8  8  2  2 10
  8  8  8  0  0  0 10 10 19  8  2  8  4 12  8  8  1  7 10 10  0  5  5  5]",[8]
"[ 8  8  7  7  0  1  1 10 18 10  0 18 10 10 10 10 10 10 10 10 10  5  5 13
 13 13 13 13 13  1  7  5  5 10 13  2  0  0 10  5 10 10  5  8  8  2  2 10
  8  8  8  0  0  0 10 10 19  8  2  8  4 12  8  8  1  7 10 10  0  5  5  5]",[8]
"[ 8  8  7  7  0  1  1 10 18 10  0 18 10 10 10 10 10 10 10 10 10  5  5 13
 13 13 13 13 13  1  7  5  5 10 13  2  0  0 10  5 10 10  5  8  8  2  2 10
  8  8  8  0  0  0 10 10 19  8  2  8  4 12  8  8  1  7 10 10  0  5  5  5]",[7]
"[ 8  8  7  7  0  1  1 10 18 10  0 18 10 10 10 10 10 10 10 10 10  5  5 13
 13 13 13 13 13  1  7  5  5 10 13  2  0  0 10  5 10 10  5  8  8  2  2 10
  8  8  8  0  0  0 10 10 19  8  2  8  4 12  8  8  1  7 10 10  0  5  5  5]",[7]
"[ 0 17  1  1 10 18 10  0 18 10 10 10 10 10 10 10 10 10  5  5 13 13 13 13
 13 13  1  7  5  5 10 13  2  0  0 10  5 10 10  5  8  8  2  2 10  8  8  8
  0  0  0 10 10 19  8  2  8  4 12  8  8  1  7 10 10  0  5  5  5]",[0]
"[ 0 17  1  1 10 18 10  0 18 10 10 10 10 10 10 10 10 10  5  5 13 13 13 13
 13 13  1  7  5  5 10 13  2  0  0 10  5 10 10  5  8  8  2  2 10  8  8  8
  0  0  0 10 10 19  8  2  8  4 12  8  8  1  7 10 10  0  5  5  5]",[17]
"[ 0 17  1  1 10 18 10  0 18 10 10 10 10 10 10 10 10 10  5  5 13 13 13 13
 13 13  1  7  5  5 10 13  2  0  0 10  5 10 10  5  8  8  2  2 10  8  8  8
  0  0  0 10 10 19  8  2  8  4 12  8  8  1  7 10 10  0  5  5  5]",[1]
"[ 0 17  1  1 10 18 10  0 18 10 10 10 10 10 10 10 10 10  5  5 13 13 13 13
 13 13  1  7  5  5 10 13  2  0  0 10  5 10 10  5  8  8  2  2 10  8  8  8
  0  0  0 10 10 19  8  2  8  4 12  8  8  1  7 10 10  0  5  5  5]",[1]
"[10 18 10  0 18 10 10 10 10 10 10 10 10 10  5  5 13 13 13 13 13 13  1  7
  5  5 10 13  2  0  0 10  5 10 10  5  8  8  2  2 10  8  8  8  0  0  0 10
 10 19  8  2  8  4 12  8  8  1  7 10 10  0  5  5  5]",[10]
"[10 18 10  0 18 10 10 10 10 10 10 10 10 10  5  5 13 13 13 13 13 13  1  7
  5  5 10 13  2  0  0 10  5 10 10  5  8  8  2  2 10  8  8  8  0  0  0 10
 10 19  8  2  8  4 12  8  8  1  7 10 10  0  5  5  5]",[18]
"[10 18 10  0 18 10 10 10 10 10 10 10 10 10  5  5 13 13 13 13 13 13  1  7
  5  5 10 13  2  0  0 10  5 10 10  5  8  8  2  2 10  8  8  8  0  0  0 10
 10 19  8  2  8  4 12  8  8  1  7 10 10  0  5  5  5]",[10]
"[10 18 10  0 18 10 10 10 10 10 10 10 10 10  5  5 13 13 13 13 13 13  1  7
  5  5 10 13  2  0  0 10  5 10 10  5  8  8  2  2 10  8  8  8  0  0  0 10
 10 19  8  2  8  4 12  8  8  1  7 10 10  0  5  5  5]",[0]
"[10 18 10  0 18 10 10 10 10 10 10 10 10 10  5  5 13 13 13 13 13 13  1  7
  5  5 10 13  2  0  0 10  5 10 10  5  8  8  2  2 10  8  8  8  0  0  0 10
 10 19  8  2  8  4 12  8  8  1  7 10 10  0  5  5  5]",[18]
"[10 10 10 10 10 10 10 10 10  5  5 13 13 13 13 13 13  1  7  5  5 10 13  2
  0  0 10  5 10 10  5  8  8  2  2 10  8  8  8  0  0  0 10 10 19  8  2  8
  4 12  8  8  1  7 10 10  0  5  5  5]",[10]
"[10 10 10 10 10 10 10 10 10  5  5 13 13 13 13 13 13  1  7  5  5 10 13  2
  0  0 10  5 10 10  5  8  8  2  2 10  8  8  8  0  0  0 10 10 19  8  2  8
  4 12  8  8  1  7 10 10  0  5  5  5]",[10]
"[10 10 10 10 10 10 10 10 10  5  5 13 13 13 13 13 13  1  7  5  5 10 13  2
  0  0 10  5 10 10  5  8  8  2  2 10  8  8  8  0  0  0 10 10 19  8  2  8
  4 12  8  8  1  7 10 10  0  5  5  5]",[10]
"[10 10 10 10 10 10 10 10 10  5  5 13 13 13 13 13 13  1  7  5  5 10 13  2
  0  0 10  5 10 10  5  8  8  2  2 10  8  8  8  0  0  0 10 10 19  8  2  8
  4 12  8  8  1  7 10 10  0  5  5  5]",[10]
"[10 10 10 10 10 10 10 10 10  5  5 13 13 13 13 13 13  1  7  5  5 10 13  2
  0  0 10  5 10 10  5  8  8  2  2 10  8  8  8  0  0  0 10 10 19  8  2  8
  4 12  8  8  1  7 10 10  0  5  5  5]",[10]
"[10 10 10 10 10 10 10 10 10  5  5 13 13 13 13 13 13  1  7  5  5 10 13  2
  0  0 10  5 10 10  5  8  8  2  2 10  8  8  8  0  0  0 10 10 19  8  2  8
  4 12  8  8  1  7 10 10  0  5  5  5]",[10]
"[10 10 10 10 10 10 10 10 10  5  5 13 13 13 13 13 13  1  7  5  5 10 13  2
  0  0 10  5 10 10  5  8  8  2  2 10  8  8  8  0  0  0 10 10 19  8  2  8
  4 12  8  8  1  7 10 10  0  5  5  5]",[10]
"[10 10 10 10 10 10 10 10 10  5  5 13 13 13 13 13 13  1  7  5  5 10 13  2
  0  0 10  5 10 10  5  8  8  2  2 10  8  8  8  0  0  0 10 10 19  8  2  8
  4 12  8  8  1  7 10 10  0  5  5  5]",[10]
"[10 10 10 10 10 10 10 10 10  5  5 13 13 13 13 13 13  1  7  5  5 10 13  2
  0  0 10  5 10 10  5  8  8  2  2 10  8  8  8  0  0  0 10 10 19  8  2  8
  4 12  8  8  1  7 10 10  0  5  5  5]",[10]
"[ 5  5 13 13 13 13 13 13  1  7  5  5 10 13 13  2  0  0 10  5 10 10  5  8
  8  2  2 10  8  8  8  0  0  0 10 10 19  8  2 13 13  8  2  2  4 12  8  8
  5  1  7 10 10  0  5  5  5  5 17  0]",[5]
"[ 5  5 13 13 13 13 13 13  1  7  5  5 10 13 13  2  0  0 10  5 10 10  5  8
  8  2  2 10  8  8  8  0  0  0 10 10 19  8  2 13 13  8  2  2  4 12  8  8
  5  1  7 10 10  0  5  5  5  5 17  0]",[5]
"[ 5  5 13 13 13 13 13 13  1  7  5  5 10 13 13  2  0  0 10  5 10 10  5  8
  8  2  2 10  8  8  8  0  0  0 10 10 19  8  2 13 13  8  2  2  4 12  8  8
  5  1  7 10 10  0  5  5  5  5 17  0]",[13]
"[ 5  5 13 13 13 13 13 13  1  7  5  5 10 13 13  2  0  0 10  5 10 10  5  8
  8  2  2 10  8  8  8  0  0  0 10 10 19  8  2 13 13  8  2  2  4 12  8  8
  5  1  7 10 10  0  5  5  5  5 17  0]",[13]
"[13 13 13 13  1  7  5  5 10 13 13  8  2  0  0 10  5 10 10  5  8  8  2  2
 10  8  8  8  0  0  0 10 10 19  8  2 13 13  8  2  2  4 12  8  8  5  1  7
 10 10  0  5  5  5  5 17  0]",[13]
"[13 13 13 13  1  7  5  5 10 13 13  8  2  0  0 10  5 10 10  5  8  8  2  2
 10  8  8  8  0  0  0 10 10 19  8  2 13 13  8  2  2  4 12  8  8  5  1  7
 10 10  0  5  5  5  5 17  0]",[13]
"[13 13 13 13  1  7  5  5 10 13 13  8  2  0  0 10  5 10 10  5  8  8  2  2
 10  8  8  8  0  0  0 10 10 19  8  2 13 13  8  2  2  4 12  8  8  5  1  7
 10 10  0  5  5  5  5 17  0]",[13]
"[13  1  7  5  5 10 10 10 13 13  8  2  2  0  0 10  5 10 10  5  8  8  2  2
  2 10  8  8  8  8  8  0  0  0 10 10 10 10 19 10  8  2 13 13 13 13  8  8
  2  2  2  4  4  4 12  4  4  8  8  5  0  1  7 10 10 10 13 13 12  0  0  5
  5  5  5 17 19  0  8]",[13]
"[ 1  7  5  5 10 10 10 13 13  8  2  2  0  0 10  5 10 10  5  8  8  2  2  2
  2 10  8  8  8  8  8  0  0  0 10 10 10 10 19 10  8  2 13 13 13 13 13  8
  8  2  2  2  2  4  4  4 12  4  4  2  8  8  5  0  2  1  7 10 10 10 13 13
 12 12  0  0  5  5  5  5 17 19  0  8]",[1]
"[ 7  5  5 10 10 10 13 13  8  2  2  0  0 10  5 10 10  5  8  8  2  2  2  2
 10  8  8  8  8  8  0  0  0 10 10 10 10 19 10  8  2 13 13 13 13 13  8  8
  2  2  2  2  4  4  4 12  4  4  2  8  8  5  0  2  1  7 10 10 10 13 13 12
 12  0  0  5  5  5  5 17 19  0  8]",[7]
"[ 5  5 10 10 10 13 13  8  2  2  0  0 10  5 10 10  5  8  8  2  2  2  2 10
  8  8  8  8  8  0  0  0 10 10 10 10 19 10  8  2 13 13 13 13 13  8  8  2
  2  2  2  4  4  4 12  4  4  2  8  8  5  0  0  2  1  7 10 10 10 13 13 12
 12  0  0  5  5  5  5  5  5 17 19  0  8]",[5]
"[ 5  5 10 10 10 13 13  8  2  2  0  0 10  5 10 10  5  8  8  2  2  2  2 10
  8  8  8  8  8  0  0  0 10 10 10 10 19 10  8  2 13 13 13 13 13  8  8  2
  2  2  2  4  4  4 12  4  4  2  8  8  5  0  0  2  1  7 10 10 10 13 13 12
 12  0  0  5  5  5  5  5  5 17 19  0  8]",[5]
"[10 10 10 13 13  8  2  2  0  0 10  5 10 10  5  8  8  2  2  2  2 10  8  8
  8  8  8  0  0  0 10 10 10 10 19 10  8  2 13 13 13 13 13  8  8  2  2  2
  2  4  4  4 12  4  4  2  8  8  5  0  0  2  1  7 10 10 10 13 13 12 12  0
  0  5  5  5  5  5  5 17 19  0  8]",[10]
"[10 10 10 13 13  8  2  2  0  0 10  5 10 10  5  8  8  2  2  2  2 10  8  8
  8  8  8  0  0  0 10 10 10 10 19 10  8  2 13 13 13 13 13  8  8  2  2  2
  2  4  4  4 12  4  4  2  8  8  5  0  0  2  1  7 10 10 10 13 13 12 12  0
  0  5  5  5  5  5  5 17 19  0  8]",[10]
"[10 10 10 13 13  8  2  2  0  0 10  5 10 10  5  8  8  2  2  2  2 10  8  8
  8  8  8  0  0  0 10 10 10 10 19 10  8  2 13 13 13 13 13  8  8  2  2  2
  2  4  4  4 12  4  4  2  8  8  5  0  0  2  1  7 10 10 10 13 13 12 12  0
  0  5  5  5  5  5  5 17 19  0  8]",[10]
"[13 13  8  2  2  0  0 10  5 10 10  5  8  8  2  2  2  2 10  8  8  8  8  8
  0  0  0 10 10 10 10 19 10  8  2 13 13 13 13 13  8  8  2  2  2  2  4  4
  4 12  4  4  2  8  8  5  0  0  2  1  7 10 10 10 13 13 12 12  0  0  5  5
  5  5  5  5 17 19  0  8]",[13]
"[13 13  8  2  2  0  0 10  5 10 10  5  8  8  2  2  2  2 10  8  8  8  8  8
  0  0  0 10 10 10 10 19 10  8  2 13 13 13 13 13  8  8  2  2  2  2  4  4
  4 12  4  4  2  8  8  5  0  0  2  1  7 10 10 10 13 13 12 12  0  0  5  5
  5  5  5  5 17 19  0  8]",[13]
"[13  8  2  2  0  0 10  5 10 10  5  8  8  2  2  2  2  2 10  8  8  8  8  8
  8  0  0  0 10 10 10 10 10 10 19 10  8  2 13 13 13 13 13 13  8  8  2  2
  2  2  2  2  4  4  4 12  4  4  2  8  8  5  0  0  2  1  7 10 10 10 13 13
 12 12  0 13 13 13  8  4  0  5  5  5  5  5  8 12  5  5  5  5  2 17 19  0
  5  5  8  8  8]",[13]
"[13  8  2  2  0  0 10  5 10 10  5  8  8  2  2  2  2  2 10  8  8  8  8  8
  8  0  0  0 10 10 10 10 10 10 19 10  8  2 13 13 13 13 13 13  8  8  2  2
  2  2  2  2  4  4  4 12  4  4  2  8  8  5  0  0  2  1  7 10 10 10 13 13
 12 12  0 13 13 13  8  4  0  5  5  5  5  5  8 12  5  5  5  5  2 17 19  0
  5  5  8  8  8]",[8]
"[13  8  2  2  0  0 10  5 10 10  5  8  8  2  2  2  2  2 10  8  8  8  8  8
  8  0  0  0 10 10 10 10 10 10 19 10  8  2 13 13 13 13 13 13  8  8  2  2
  2  2  2  2  4  4  4 12  4  4  2  8  8  5  0  0  2  1  7 10 10 10 13 13
 12 12  0 13 13 13  8  4  0  5  5  5  5  5  8 12  5  5  5  5  2 17 19  0
  5  5  8  8  8]",[2]
"[13  8  2  2  0  0 10  5 10 10  5  8  8  2  2  2  2  2 10  8  8  8  8  8
  8  0  0  0 10 10 10 10 10 10 19 10  8  2 13 13 13 13 13 13  8  8  2  2
  2  2  2  2  4  4  4 12  4  4  2  8  8  5  0  0  2  1  7 10 10 10 13 13
 12 12  0 13 13 13  8  4  0  5  5  5  5  5  8 12  5  5  5  5  2 17 19  0
  5  5  8  8  8]",[2]
"[ 0  0 10  5 10 10  5  8  8  2  2  2  2  2 10  8  8  8  8  8  8  0  0  0
 10 10 10 10 10 10 19 10  8  2 13 13 13 13 13 13  8  8 13  2  2  2  2  2
  2  4  4  4 12  4  4  2  8  8  5  0  0  2  1  7 10 10 10 13 13 12 12  0
 13 13 13  8  4  0  5  5  5  5  5  8 12  5  5  5  5  2 17 19  0  5  5  8
  8  8]",[0]
"[ 0 10  5 10 10  5  8  8  2  2  2  2  2 10  8  8  8  8  8  8  0  0  0 10
 10 10 10 10 10 19 10  8  2 13 13 13 13 13 13  8  8 13  2  2  2  2  2  2
  4  4  4 12  4  4  2  8  8  5  0  0  2  1  7 10 10 10 13 13 12 12  0 13
 13 13  8  4  0  5  5  5  5  5  8 12  5  5  5  5  2 17 19  0  5  5  8  8
  8]",[0]
"[ 0 10  5 10 10  5  8  8  2  2  2  2  2 10  8  8  8  8  8  8  0  0  0 10
 10 10 10 10 10 19 10  8  2 13 13 13 13 13 13  8  8 13  2  2  2  2  2  2
  4  4  4 12  4  4  2  8  8  5  0  0  2  1  7 10 10 10 13 13 12 12  0 13
 13 13  8  4  0  5  5  5  5  5  8 12  5  5  5  5  2 17 19  0  5  5  8  8
  8]",[10]
"[ 5 10 10  5  8  8  2  2  2  2  2 10  8  8  8  8  8  8  0  0  0 10 10 10
 10 10 10 19 10  8  2 13 13 13 13 13 13  8  8 13  2  2  2  2  2  2  4  4
  4 12  4  4  2  8  8  5  0  0  2  1  7 10 10 10 13 13 12 12  0 13 13 13
  8  4  0  5  5  5  5  5  8 12  5  5  5  5  2 17 19  0  5  5  8  8  8]",[5]
"[ 5 10 10  5  8  8  2  2  2  2  2 10  8  8  8  8  8  8  0  0  0 10 10 10
 10 10 10 19 10  8  2 13 13 13 13 13 13  8  8 13  2  2  2  2  2  2  4  4
  4 12  4  4  2  8  8  5  0  0  2  1  7 10 10 10 13 13 12 12  0 13 13 13
  8  4  0  5  5  5  5  5  8 12  5  5  5  5  2 17 19  0  5  5  8  8  8]",[10]
"[ 5 10 10  5  8  8  2  2  2  2  2 10  8  8  8  8  8  8  0  0  0 10 10 10
 10 10 10 19 10  8  2 13 13 13 13 13 13  8  8 13  2  2  2  2  2  2  4  4
  4 12  4  4  2  8  8  5  0  0  2  1  7 10 10 10 13 13 12 12  0 13 13 13
  8  4  0  5  5  5  5  5  8 12  5  5  5  5  2 17 19  0  5  5  8  8  8]",[10]
"[ 5  8  8  2  2  2  2  2  2 10  8  8  8  8  8  8  0  0  0 10 10 10 10 10
 10 19 10  8  2 13 13 13 13 13 13  8  8 13  2  2  2  2  2  2  4  4  4 12
  4  4  2  8  8  5  0  0  2  1  7 10 10 10 13 13 12 12  0 13 13 13  8  4
  0  5  5  5  5  5  8 12  5  5  5  5  2 17 19  0  5  5  8  8  8]",[5]
"[ 5  8  8  2  2  2  2  2  2 10  8  8  8  8  8  8  0  0  0 10 10 10 10 10
 10 19 10  8  2 13 13 13 13 13 13  8  8 13  2  2  2  2  2  2  4  4  4 12
  4  4  2  8  8  5  0  0  2  1  7 10 10 10 13 13 12 12  0 13 13 13  8  4
  0  5  5  5  5  5  8 12  5  5  5  5  2 17 19  0  5  5  8  8  8]",[8]
"[ 5  8  8  2  2  2  2  2  2 10  8  8  8  8  8  8  0  0  0 10 10 10 10 10
 10 19 10  8  2 13 13 13 13 13 13  8  8 13  2  2  2  2  2  2  4  4  4 12
  4  4  2  8  8  5  0  0  2  1  7 10 10 10 13 13 12 12  0 13 13 13  8  4
  0  5  5  5  5  5  8 12  5  5  5  5  2 17 19  0  5  5  8  8  8]",[8]
"[ 2  2  2  2  2  2  2 10  8  8  8  8  8  8  5  0  0  0 10 10 10 10 10 10
 19 10  8  2 13 13 13 13 13 13  8  8 13  2  2  2  2  2  2  4  4  4 12  4
  4  2  8  8  5  0  0  2  1  7 10 10 10 13 13 12 12  0 13 13 13  8  4  0
  5  5  5  5  5  8 12  5  5  5  5  2 17 19  0  5  5  8  8  8]",[2]
"[ 2  2  2  2  2  2  2 10  8  8  8  8  8  8  5  0  0  0 10 10 10 10 10 10
 19 10  8  2 13 13 13 13 13 13  8  8 13  2  2  2  2  2  2  4  4  4 12  4
  4  2  8  8  5  0  0  2  1  7 10 10 10 13 13 12 12  0 13 13 13  8  4  0
  5  5  5  5  5  8 12  5  5  5  5  2 17 19  0  5  5  8  8  8]",[2]
"[ 2  2  2  2  2  2  2 10  8  8  8  8  8  8  5  0  0  0 10 10 10 10 10 10
 19 10  8  2 13 13 13 13 13 13  8  8 13  2  2  2  2  2  2  4  4  4 12  4
  4  2  8  8  5  0  0  2  1  7 10 10 10 13 13 12 12  0 13 13 13  8  4  0
  5  5  5  5  5  8 12  5  5  5  5  2 17 19  0  5  5  8  8  8]",[2]
"[ 2  2  2  2 10  8  8  8  8  8  8  5  0  0  0 10 10 10 10 10 10 19 10  8
  2 13 13 13 13 13 13  8  8 13  2  2  2  2  2  2  4  4  4 12  4  4  2  8
  8  5  0  0  2  1  7 10 10 10 13 13 12 12  0 13 13 13  8  4  0  5  5  5
  5  5  8  8 12  5  5  5  5  2 17 19  0  5  5  8  8  8]",[2]
"[ 2  2  2  2 10  8  8  8  8  8  8  5  0  0  0 10 10 10 10 10 10 19 10  8
  2 13 13 13 13 13 13  8  8 13  2  2  2  2  2  2  4  4  4 12  4  4  2  8
  8  5  0  0  2  1  7 10 10 10 13 13 12 12  0 13 13 13  8  4  0  5  5  5
  5  5  8  8 12  5  5  5  5  2 17 19  0  5  5  8  8  8]",[2]
"[ 2  2 10  8  8  8  8  8  8  8  8  5  0  0  0 10 10 10 10 10 10 19 10  8
  2 13 13 13 13 13 13 13  8  8 13  2  2  2  2  2  2  4  4  2  4 12  4  4
  5  2  8  8  5  0  0  2  1  7 10 10 10 13 13 12 12  0 13 13 13  8  4  0
  0  5  5  5  5  5  8  8 12  5  5  5  5 12  2 17 19  0  5  5  8  8  8]",[2]
"[ 2  2 10  8  8  8  8  8  8  8  8  5  0  0  0 10 10 10 10 10 10 19 10  8
  2 13 13 13 13 13 13 13  8  8 13  2  2  2  2  2  2  4  4  2  4 12  4  4
  5  2  8  8  5  0  0  2  1  7 10 10 10 13 13 12 12  0 13 13 13  8  4  0
  0  5  5  5  5  5  8  8 12  5  5  5  5 12  2 17 19  0  5  5  8  8  8]",[2]
"[ 2  2 10  8  8  8  8  8  8  8  8  5  0  0  0 10 10 10 10 10 10 19 10  8
  2 13 13 13 13 13 13 13  8  8 13  2  2  2  2  2  2  4  4  2  4 12  4  4
  5  2  8  8  5  0  0  2  1  7 10 10 10 13 13 12 12  0 13 13 13  8  4  0
  0  5  5  5  5  5  8  8 12  5  5  5  5 12  2 17 19  0  5  5  8  8  8]",[10]
"[ 8  8  8  8  8  8  8  8  5  0  0  0 10 10 10 10 10 10 19 10  8  2 13 13
 13 13 13 13 13  8  8 13  2  2  2  2  2  2  4  4  2  4 12  4  4  5  2  8
  8  5  0  0  2  1  7 10 10 10 13 13 12 12  0 13 13 13  8  4  0  0  5  5
  5  5  5  8  8 12  5  5  5  5 12  2 17 19  0  5  5  8  8  8]",[8]
"[ 8  8  8  8  8  8  8  8  5  0  0  0 10 10 10 10 10 10 19 10  8  2 13 13
 13 13 13 13 13  8  8 13  2  2  2  2  2  2  4  4  2  4 12  4  4  5  2  8
  8  5  0  0  2  1  7 10 10 10 13 13 12 12  0 13 13 13  8  4  0  0  5  5
  5  5  5  8  8 12  5  5  5  5 12  2 17 19  0  5  5  8  8  8]",[8]
"[ 8  8  8  8  8  8  8  8  5  0  0  0 10 10 10 10 10 10 19 10  8  2 13 13
 13 13 13 13 13  8  8 13  2  2  2  2  2  2  4  4  2  4 12  4  4  5  2  8
  8  5  0  0  2  1  7 10 10 10 13 13 12 12  0 13 13 13  8  4  0  0  5  5
  5  5  5  8  8 12  5  5  5  5 12  2 17 19  0  5  5  8  8  8]",[8]
"[ 8  8  8  8  8  8  8  8  5  0  0  0 10 10 10 10 10 10 19 10  8  2 13 13
 13 13 13 13 13  8  8 13  2  2  2  2  2  2  4  4  2  4 12  4  4  5  2  8
  8  5  0  0  2  1  7 10 10 10 13 13 12 12  0 13 13 13  8  4  0  0  5  5
  5  5  5  8  8 12  5  5  5  5 12  2 17 19  0  5  5  8  8  8]",[8]
"[ 8  8  8  8  8  8  8  8  5  0  0  0 10 10 10 10 10 10 19 10  8  2 13 13
 13 13 13 13 13  8  8 13  2  2  2  2  2  2  4  4  2  4 12  4  4  5  2  8
  8  5  0  0  2  1  7 10 10 10 13 13 12 12  0 13 13 13  8  4  0  0  5  5
  5  5  5  8  8 12  5  5  5  5 12  2 17 19  0  5  5  8  8  8]",[8]
"[ 8  8  8  8  8  8  8  8  5  0  0  0 10 10 10 10 10 10 19 10  8  2 13 13
 13 13 13 13 13  8  8 13  2  2  2  2  2  2  4  4  2  4 12  4  4  5  2  8
  8  5  0  0  2  1  7 10 10 10 13 13 12 12  0 13 13 13  8  4  0  0  5  5
  5  5  5  8  8 12  5  5  5  5 12  2 17 19  0  5  5  8  8  8]",[8]
"[ 8  8  8  8  8  8  8  8  5  0  0  0 10 10 10 10 10 10 19 10  8  2 13 13
 13 13 13 13 13  8  8 13  2  2  2  2  2  2  4  4  2  4 12  4  4  5  2  8
  8  5  0  0  2  1  7 10 10 10 13 13 12 12  0 13 13 13  8  4  0  0  5  5
  5  5  5  8  8 12  5  5  5  5 12  2 17 19  0  5  5  8  8  8]",[8]
"[ 8  8  8  8  8  8  8  8  5  0  0  0 10 10 10 10 10 10 19 10  8  2 13 13
 13 13 13 13 13  8  8 13  2  2  2  2  2  2  4  4  2  4 12  4  4  5  2  8
  8  5  0  0  2  1  7 10 10 10 13 13 12 12  0 13 13 13  8  4  0  0  5  5
  5  5  5  8  8 12  5  5  5  5 12  2 17 19  0  5  5  8  8  8]",[8]
"[17  5 10  0  0  0 10 10 10 10 10 10 19 10  8  2 13 13 13 13 13 13 13  8
  8 13  2  2  2  2  2  2  4  4  2  4 12  4  4  5  2  8  8  5  0  0  2  1
  7 10 10 10 13 13 12 12  0 13 13 13  8  4  0  0  5  5  5  5  5  8  8 12
  5  5  5  5 12  2 17 19  0  5  5  8  8  8]",[17]
"[ 5 10  0  0  0 10 10 10 10 10  0 10 19 10  8  2 13 13 13 13 13 13 13  8
  8 13  2  2  2  2  2  2  4  4  2  4 12  4  4  5  2  8  8  5  0  0  2  1
  7 10 10 10 13 13 12 12  0 13 13 13  8  4  0  0  5  5  5  5  5  8  8 12
  5  5  5  5 12  2 17 19  0  5  5  8  8  8]",[5]
"[ 5 10  0  0  0 10 10 10 10 10  0 10 19 10  8  2 13 13 13 13 13 13 13  8
  8 13  2  2  2  2  2  2  4  4  2  4 12  4  4  5  2  8  8  5  0  0  2  1
  7 10 10 10 13 13 12 12  0 13 13 13  8  4  0  0  5  5  5  5  5  8  8 12
  5  5  5  5 12  2 17 19  0  5  5  8  8  8]",[10]
"[ 5 10  0  0  0 10 10 10 10 10  0 10 19 10  8  2 13 13 13 13 13 13 13  8
  8 13  2  2  2  2  2  2  4  4  2  4 12  4  4  5  2  8  8  5  0  0  2  1
  7 10 10 10 13 13 12 12  0 13 13 13  8  4  0  0  5  5  5  5  5  8  8 12
  5  5  5  5 12  2 17 19  0  5  5  8  8  8]",[0]
"[ 0  0 10 10 10 10 10 10  0 10 19 10  8  2 13 13 13 13 13 13 13 13  8  8
 13  2  2  2  2  2  2  4  4  2  4 12  5  4  4  5  2  8  8  8  5  0  0  2
  1  7 10 10 10 10 13 13 13 12 12  0 13 13 13  8  4  0  0  5  5  5  5  5
  8  8 12  5  5  5  5 12  2 17 12 11 19  0  5 13  5  5  8  8  8  8  8]",[0]
"[ 0  0 10 10 10 10 10 10  0 10 19 10  8  2 13 13 13 13 13 13 13 13  8  8
 13  2  2  2  2  2  2  4  4  2  4 12  5  4  4  5  2  8  8  8  5  0  0  2
  1  7 10 10 10 10 13 13 13 12 12  0 13 13 13  8  4  0  0  5  5  5  5  5
  8  8 12  5  5  5  5 12  2 17 12 11 19  0  5 13  5  5  8  8  8  8  8]",[0]
"[10 10 10 10 10 10  0 10 19 10  8  2 13 13 13 13 13 13 13 13  8  8 13  2
  2  2  2  2  2  4  4  2  4 12  5  4  4  5  2  8  8  8  5  0  0  2  1  7
 10 10 10 10 13 13 13 12 12  0 13 13 13  8  4  0  0  5  5  5  5  5  8  8
 12  5  5  5  5 12  2 17 12 11 19  0  5 13  5  5  8  8  8  8  8]",[10]
"[10 10 10 10 10 10  0 10 19 10  8  2 13 13 13 13 13 13 13 13  8  8 13  2
  2  2  2  2  2  4  4  2  4 12  5  4  4  5  2  8  8  8  5  0  0  2  1  7
 10 10 10 10 13 13 13 12 12  0 13 13 13  8  4  0  0  5  5  5  5  5  8  8
 12  5  5  5  5 12  2 17 12 11 19  0  5 13  5  5  8  8  8  8  8]",[10]
"[10 10 10 10 10 10  0 10 19 10  8  2 13 13 13 13 13 13 13 13  8  8 13  2
  2  2  2  2  2  4  4  2  4 12  5  4  4  5  2  8  8  8  5  0  0  2  1  7
 10 10 10 10 13 13 13 12 12  0 13 13 13  8  4  0  0  5  5  5  5  5  8  8
 12  5  5  5  5 12  2 17 12 11 19  0  5 13  5  5  8  8  8  8  8]",[10]
"[10 10 10 10 10 10  0 10 19 10  8  2 13 13 13 13 13 13 13 13  8  8 13  2
  2  2  2  2  2  4  4  2  4 12  5  4  4  5  2  8  8  8  5  0  0  2  1  7
 10 10 10 10 13 13 13 12 12  0 13 13 13  8  4  0  0  5  5  5  5  5  8  8
 12  5  5  5  5 12  2 17 12 11 19  0  5 13  5  5  8  8  8  8  8]",[10]
"[10 10 10 10 10 10  0 10 19 10  8  2 13 13 13 13 13 13 13 13  8  8 13  2
  2  2  2  2  2  4  4  2  4 12  5  4  4  5  2  8  8  8  5  0  0  2  1  7
 10 10 10 10 13 13 13 12 12  0 13 13 13  8  4  0  0  5  5  5  5  5  8  8
 12  5  5  5  5 12  2 17 12 11 19  0  5 13  5  5  8  8  8  8  8]",[10]
"[10 10 10 10 10 10  0 10 19 10  8  2 13 13 13 13 13 13 13 13  8  8 13  2
  2  2  2  2  2  4  4  2  4 12  5  4  4  5  2  8  8  8  5  0  0  2  1  7
 10 10 10 10 13 13 13 12 12  0 13 13 13  8  4  0  0  5  5  5  5  5  8  8
 12  5  5  5  5 12  2 17 12 11 19  0  5 13  5  5  8  8  8  8  8]",[10]
"[ 1  0 10 19 10  8  2 13 13 13 13 13 13 13 13  8  8 13  2  2  2  2  2  2
  4  4  2  4 12  5  4  4  5  2  8  8  8  5  0  0  2  1  7 10 10 10 10 13
 13 13 12 12  0 13 13 13  8  4  0  0  5  5  5  5  5  8  8 12  5  5  5  5
 12  2 17 12 11 19  0  5 13  5  5  8  8  8  8  8]",[1]
"[ 1  0 10 19 10  8  2 13 13 13 13 13 13 13 13  8  8 13  2  2  2  2  2  2
  4  4  2  4 12  5  4  4  5  2  8  8  8  5  0  0  2  1  7 10 10 10 10 13
 13 13 12 12  0 13 13 13  8  4  0  0  5  5  5  5  5  8  8 12  5  5  5  5
 12  2 17 12 11 19  0  5 13  5  5  8  8  8  8  8]",[0]
"[10 19 10  8  2 13 13 13 13 13 13 13 13  8  8  8  8 13  2  2  2  2  2  2
  4  4  2  4 12  5  4  4  5  2  8  8  8  5  0  0  2  1  7 10 10 10 10 13
 13 13 12 12  0 13 13 13  8  4  0  0  5  5  5  5  5  8  8 12  5  5  5  5
 12  2 17 12 11 19  0  5 13  5  5  8  8  8  8  8]",[10]
"[19 10  8  2 13 13 13 13 13 13 13 13  8  8  8  8 13  2  2  2  2  2  2  4
  4  2  4 12  5  4  4  5  2  8  8  8  5  0  0  2  1  7 10 10 10 10 13 13
 13 12 12  0 13 13 13  8  4  0  0  5  5  5  5  5  8  8 12  5  5  5  5  5
 12  2 17 12 11 19  0  5 13  5  5  8  8  8  8  8]",[19]
"[10  8  2 13 13 13 13 13 13 13 13 13  8  8  8  8 13  2  2  2  2  2  2  4
  4  2  4 12  5  4  4  5  2  8  8  8  5  0  0  2  1  7 10 10 10 10 13 13
 13 12 12  0 13 13 13  8  4  0  0  5  5  5  5  5  8  8 12  5  5  5  5  5
 12  2 17 12 11 19  0  5 13  5  5  8  8  8  8  8]",[10]
"[10  8  2 13 13 13 13 13 13 13 13 13  8  8  8  8 13  2  2  2  2  2  2  4
  4  2  4 12  5  4  4  5  2  8  8  8  5  0  0  2  1  7 10 10 10 10 13 13
 13 12 12  0 13 13 13  8  4  0  0  5  5  5  5  5  8  8 12  5  5  5  5  5
 12  2 17 12 11 19  0  5 13  5  5  8  8  8  8  8]",[8]
"[10  8  2 13 13 13 13 13 13 13 13 13  8  8  8  8 13  2  2  2  2  2  2  4
  4  2  4 12  5  4  4  5  2  8  8  8  5  0  0  2  1  7 10 10 10 10 13 13
 13 12 12  0 13 13 13  8  4  0  0  5  5  5  5  5  8  8 12  5  5  5  5  5
 12  2 17 12 11 19  0  5 13  5  5  8  8  8  8  8]",[2]
"[10  8  2 13 13 13 13 13 13 13 13 13  8  8  8  8 13  2  2  2  2  2  2  4
  4  2  4 12  5  4  4  5  2  8  8  8  5  0  0  2  1  7 10 10 10 10 13 13
 13 12 12  0 13 13 13  8  4  0  0  5  5  5  5  5  8  8 12  5  5  5  5  5
 12  2 17 12 11 19  0  5 13  5  5  8  8  8  8  8]",[13]
"[10  8  2 13 13 13 13 13 13 13 13 13  8  8  8  8 13  2  2  2  2  2  2  4
  4  2  4 12  5  4  4  5  2  8  8  8  5  0  0  2  1  7 10 10 10 10 13 13
 13 12 12  0 13 13 13  8  4  0  0  5  5  5  5  5  8  8 12  5  5  5  5  5
 12  2 17 12 11 19  0  5 13  5  5  8  8  8  8  8]",[13]
"[13 13 13 13 13 13 13  8  8  8  8 13  2  2  2  2  2  2  4  4  2  4 12  5
  4  4  5  2  8  8  8  5  0  0  2  1  7 10 10 10 10 13 13 13 12 12  0 13
 13 13  8  4  0  0  5  5  5  5  5  8  8 12  5  5  5  5  5 12  2 17 12 11
 19  0  5 13  5  5  8  8  8  8  8]",[13]
"[13 13 13 13 13 13 13  8  8  8  8 13  2  2  2  2  2  2  4  4  2  4 12  5
  4  4  5  2  8  8  8  5  0  0  2  1  7 10 10 10 10 13 13 13 12 12  0 13
 13 13  8  4  0  0  5  5  5  5  5  8  8 12  5  5  5  5  5 12  2 17 12 11
 19  0  5 13  5  5  8  8  8  8  8]",[13]
"[13 13 13 13 13 13 13  8  8  8  8 13  2  2  2  2  2  2  4  4  2  4 12  5
  4  4  5  2  8  8  8  5  0  0  2  1  7 10 10 10 10 13 13 13 12 12  0 13
 13 13  8  4  0  0  5  5  5  5  5  8  8 12  5  5  5  5  5 12  2 17 12 11
 19  0  5 13  5  5  8  8  8  8  8]",[13]
"[13 13 13 13 13 13 13  8  8  8  8 13  2  2  2  2  2  2  4  4  2  4 12  5
  4  4  5  2  8  8  8  5  0  0  2  1  7 10 10 10 10 13 13 13 12 12  0 13
 13 13  8  4  0  0  5  5  5  5  5  8  8 12  5  5  5  5  5 12  2 17 12 11
 19  0  5 13  5  5  8  8  8  8  8]",[13]
"[13 13 13 13 13 13 13  8  8  8  8 13  2  2  2  2  2  2  4  4  2  4 12  5
  4  4  5  2  8  8  8  5  0  0  2  1  7 10 10 10 10 13 13 13 12 12  0 13
 13 13  8  4  0  0  5  5  5  5  5  8  8 12  5  5  5  5  5 12  2 17 12 11
 19  0  5 13  5  5  8  8  8  8  8]",[13]
"[13 13 13 13 13 13 13  8  8  8  8 13  2  2  2  2  2  2  4  4  2  4 12  5
  4  4  5  2  8  8  8  5  0  0  2  1  7 10 10 10 10 13 13 13 12 12  0 13
 13 13  8  4  0  0  5  5  5  5  5  8  8 12  5  5  5  5  5 12  2 17 12 11
 19  0  5 13  5  5  8  8  8  8  8]",[13]
"[13 13 13 13 13 13 13  8  8  8  8 13  2  2  2  2  2  2  4  4  2  4 12  5
  4  4  5  2  8  8  8  5  0  0  2  1  7 10 10 10 10 13 13 13 12 12  0 13
 13 13  8  4  0  0  5  5  5  5  5  8  8 12  5  5  5  5  5 12  2 17 12 11
 19  0  5 13  5  5  8  8  8  8  8]",[13]
"[13  8  8  8  8  8 13  2  2  2  2  2  2  2  4  4  2  4 12  5 12  4  4  5
  2  8  8  8  5  5  0  0  2  1  1  7 10 10 10 10 10 13 13 13 12 12 12 12
 12  0 13 13 13  8  4  0  0  5  5  5  5  5  8  8 12  5  5  5  5  5 12  2
 17 12 11 19  0  5 13  5  5  5  8  8  8  8  8  8]",[13]
"[ 8  8  8  8  8 13  2  2  2  2  2  2  2  4  4  2  4 12  5 12  4  4  5  2
 12  8  8  8 12  5  5  0  0  2  1  1  7 10 10 10 10 10 13 13 13 12 12 12
 12 12  0 13 13 13  8  4  0  0  5  5  5  5  5  8  8 12  5  5  5  5  5 12
  2 17 12 11 19  0  5 13  5  5  5  8  8  8  8  8  8]",[8]
"[ 8  8  8  8  8 13  2  2  2  2  2  2  2  4  4  2  4 12  5 12  4  4  5  2
 12  8  8  8 12  5  5  0  0  2  1  1  7 10 10 10 10 10 13 13 13 12 12 12
 12 12  0 13 13 13  8  4  0  0  5  5  5  5  5  8  8 12  5  5  5  5  5 12
  2 17 12 11 19  0  5 13  5  5  5  8  8  8  8  8  8]",[8]
"[ 8  8  8  8  8 13  2  2  2  2  2  2  2  4  4  2  4 12  5 12  4  4  5  2
 12  8  8  8 12  5  5  0  0  2  1  1  7 10 10 10 10 10 13 13 13 12 12 12
 12 12  0 13 13 13  8  4  0  0  5  5  5  5  5  8  8 12  5  5  5  5  5 12
  2 17 12 11 19  0  5 13  5  5  5  8  8  8  8  8  8]",[8]
"[ 8  8  8  8  8 13  2  2  2  2  2  2  2  4  4  2  4 12  5 12  4  4  5  2
 12  8  8  8 12  5  5  0  0  2  1  1  7 10 10 10 10 10 13 13 13 12 12 12
 12 12  0 13 13 13  8  4  0  0  5  5  5  5  5  8  8 12  5  5  5  5  5 12
  2 17 12 11 19  0  5 13  5  5  5  8  8  8  8  8  8]",[8]
"[ 8  8  8  8  8 13  2  2  2  2  2  2  2  4  4  2  4 12  5 12  4  4  5  2
 12  8  8  8 12  5  5  0  0  2  1  1  7 10 10 10 10 10 13 13 13 12 12 12
 12 12  0 13 13 13  8  4  0  0  5  5  5  5  5  8  8 12  5  5  5  5  5 12
  2 17 12 11 19  0  5 13  5  5  5  8  8  8  8  8  8]",[8]
"[13  2  2  2  2  2  2  2  4  4  2  4 12  5 12  4  4  5  2 12  8  8  8 12
  5  5  0  0  2  1  1  7 10 10 10 10 10 13 13 13 12 12 12 12 12  0 13 13
 13  8  4  0  0  5  5  5  5  5  8  8 12  5  5  5  5  5 12  2 17 12 11 19
  0  5 13  5  5  5  8  8  8  8  8  8]",[13]
"[ 2  2  2  2  2  2  2  2  4  4  2  4 12  5 12  4  4  5  2 12  8  8  8 12
  5  5  0  0  2  1  1  7 10 10 10 10 10 13 13 13 12 12 12 12 12  0 13 13
 13  8  4  0  0  5  5  5  5  5  8  8 12  5  5  5  5  5 12  2 17 12 11 19
  0  5 13  5  5  5  8  8  8  8  8  8]",[2]
"[ 2  2  2  2  2  2  2  2  4  4  2  4 12  5 12  4  4  5  2 12  8  8  8 12
  5  5  0  0  2  1  1  7 10 10 10 10 10 13 13 13 12 12 12 12 12  0 13 13
 13  8  4  0  0  5  5  5  5  5  8  8 12  5  5  5  5  5 12  2 17 12 11 19
  0  5 13  5  5  5  8  8  8  8  8  8]",[2]
"[ 2  2  2  2  2  2  4  4  2  4 12  5 12  4  4  5  2 12  8  8  8 12  5  5
  0  0  2  1  1  7 10 10 10 10 10 13 13 13 12 12 12 12 12  0 13 13 13  8
  4  0  0  5  5  5  5  5  8  8 12  5  5  5  5  5 12  2 17 12 11 19  0  5
 13  5  5  5  8  8  8  8  8  8]",[2]
"[ 2  2  2  2  2  2  4  4  2  4 12  5 12  4  4  5  2 12  8  8  8 12  5  5
  0  0  2  1  1  7 10 10 10 10 10 13 13 13 12 12 12 12 12  0 13 13 13  8
  4  0  0  5  5  5  5  5  8  8 12  5  5  5  5  5 12  2 17 12 11 19  0  5
 13  5  5  5  8  8  8  8  8  8]",[2]
"[ 2  2  2  2  2  2  4  4  2  4 12  5 12  4  4  5  2 12  8  8  8 12  5  5
  0  0  2  1  1  7 10 10 10 10 10 13 13 13 12 12 12 12 12  0 13 13 13  8
  4  0  0  5  5  5  5  5  8  8 12  5  5  5  5  5 12  2 17 12 11 19  0  5
 13  5  5  5  8  8  8  8  8  8]",[2]
"[ 2  2  2  2  2  2  4  4  2  4 12  5 12  4  4  5  2 12  8  8  8 12  5  5
  0  0  2  1  1  7 10 10 10 10 10 13 13 13 12 12 12 12 12  0 13 13 13  8
  4  0  0  5  5  5  5  5  8  8 12  5  5  5  5  5 12  2 17 12 11 19  0  5
 13  5  5  5  8  8  8  8  8  8]",[2]
"[ 2  2  2  2  2  2  4  4  2  4 12  5 12  4  4  5  2 12  8  8  8 12  5  5
  0  0  2  1  1  7 10 10 10 10 10 13 13 13 12 12 12 12 12  0 13 13 13  8
  4  0  0  5  5  5  5  5  8  8 12  5  5  5  5  5 12  2 17 12 11 19  0  5
 13  5  5  5  8  8  8  8  8  8]",[2]
"[ 2  4  4  2  4 12  5 12  4  4  5  2 12  8  8  8 12  5  5  0  0  2  1  1
  7 10 10 10 10 10 13 13 13 12 12 12 12 12  0 13 13 13  8  4  0  0  5  5
  5  5  5  8  8 12  5  5  5  5  5 12  2 17 12 11 19  0  5 13  5  5  5  8
  8  8  8  8  8]",[2]
"[ 4  4  2  4 12  5 12  4  4  5  2 12  8  8  8 12  5  5  0  0  2  1  1  7
 10 10 10 10 10 13 13 13 12 12 12 12 12  0 13 13 13  8  4  0  0  5  5  5
  5  5  8  8 12  5  5  5  5  5 12  2 17 12 11 19  0  5 13  5  5  5  8  8
  8  8  8  8]",[4]
"[ 4  4  2  4 12  5 12  4  4  5  2 12  8  8  8 12  5  5  0  0  2  1  1  7
 10 10 10 10 10 13 13 13 12 12 12 12 12  0 13 13 13  8  4  0  0  5  5  5
  5  5  8  8 12  5  5  5  5  5 12  2 17 12 11 19  0  5 13  5  5  5  8  8
  8  8  8  8]",[4]
"[ 4  4  2  4 12  5 12  4  4  5  2 12  8  8  8 12  5  5  0  0  2  1  1  7
 10 10 10 10 10 13 13 13 12 12 12 12 12  0 13 13 13  8  4  0  0  5  5  5
  5  5  8  8 12  5  5  5  5  5 12  2 17 12 11 19  0  5 13  5  5  5  8  8
  8  8  8  8]",[2]
"[ 4 12  5 12  4  4  5  2 12  8  8  8 12  5  5  0  0  2  1  1  7 10 10 10
 10 10 13 13 13 12 12 12 12 12  0 13 13 13  8  4  0  0  5  5  5  5  5  8
  8 12  5  5  5  5  5 12  2 17 12 11 19  0  5 13  5  5  5  8  8  8  8  8
  8]",[4]
"[ 4 12  5 12  4  4  5  2 12  8  8  8 12  5  5  0  0  2  1  1  7 10 10 10
 10 10 13 13 13 12 12 12 12 12  0 13 13 13  8  4  0  0  5  5  5  5  5  8
  8 12  5  5  5  5  5 12  2 17 12 11 19  0  5 13  5  5  5  8  8  8  8  8
  8]",[12]
"[ 5 12  4  4  5  2 12  8  8  8 12  5  5  0  0  2  1  1  7 10 10 10 10 10
 13 13 13 12 12 12 12 12  0 13 13 13  8  4  0  0  5  5  5  5  5  8  8 12
  5  5  5  5  5 12  2 17 12 11 19  0  5 13  5  5  5  8  8  8  8  8  8]",[5]
"[ 5 12  4  4  5  2 12  8  8  8 12  5  5  0  0  2  1  1  7 10 10 10 10 10
 13 13 13 12 12 12 12 12  0 13 13 13  8  4  0  0  5  5  5  5  5  8  8 12
  5  5  5  5  5 12  2 17 12 11 19  0  5 13  5  5  5  8  8  8  8  8  8]",[12]
"[ 5 12  4  4  5  2 12  8  8  8 12  5  5  0  0  2  1  1  7 10 10 10 10 10
 13 13 13 12 12 12 12 12  0 13 13 13  8  4  0  0  5  5  5  5  5  8  8 12
  5  5  5  5  5 12  2 17 12 11 19  0  5 13  5  5  5  8  8  8  8  8  8]",[4]
"[ 5 12  4  4  5  2 12  8  8  8 12  5  5  0  0  2  1  1  7 10 10 10 10 10
 13 13 13 12 12 12 12 12  0 13 13 13  8  4  0  0  5  5  5  5  5  8  8 12
  5  5  5  5  5 12  2 17 12 11 19  0  5 13  5  5  5  8  8  8  8  8  8]",[4]
"[ 5  2 12  8  8  8 12  5  5  0  0  2  1  1  7 10 10 10 10 10 13 13 13 12
 12 12 12 12  0 13 13 13  8  4  0  0  5  5  5  5  5  8  8 12  5  5  5  5
  5 12  2 17 12 11 19  0  5 13  5  5  5  8  8  8  8  8  8]",[5]
"[ 5  2 12  8  8  8 12  5  5  0  0  2  1  1  7 10 10 10 10 10 13 13 13 12
 12 12 12 12  0 13 13 13  8  4  0  0  5  5  5  5  5  8  8 12  5  5  5  5
  5 12  2 17 12 11 19  0  5 13  5  5  5  8  8  8  8  8  8]",[2]
"[12  8  8  8 12  5  5  0  0  2  1  1  7 10 10 10 10 10 13 13 13 12 12 12
 12 12  0 13 13 13  8  4  0  0  5  5  5  5  5  8  8 12  5  5  5  5  5 12
  2 17 12 11 19  0  5 13  5  5  5  8  8  8  8  8  8]",[12]
"[12  8  8  8 12  5  5  0  0  2  1  1  7 10 10 10 10 10 13 13 13 12 12 12
 12 12  0 13 13 13  8  4  0  0  5  5  5  5  5  8  8 12  5  5  5  5  5 12
  2 17 12 11 19  0  5 13  5  5  5  8  8  8  8  8  8]",[8]
"[12  8  8  8 12  5  5  0  0  2  1  1  7 10 10 10 10 10 13 13 13 12 12 12
 12 12  0 13 13 13  8  4  0  0  5  5  5  5  5  8  8 12  5  5  5  5  5 12
  2 17 12 11 19  0  5 13  5  5  5  8  8  8  8  8  8]",[8]
"[12  8  8  8 12  5  5  0  0  2  1  1  7 10 10 10 10 10 13 13 13 12 12 12
 12 12  0 13 13 13  8  4  0  0  5  5  5  5  5  8  8 12  5  5  5  5  5 12
  2 17 12 11 19  0  5 13  5  5  5  8  8  8  8  8  8]",[8]
"[12  8  8  8 12  5  5  0  0  2  1  1  7 10 10 10 10 10 13 13 13 12 12 12
 12 12  0 13 13 13  8  4  0  0  5  5  5  5  5  8  8 12  5  5  5  5  5 12
  2 17 12 11 19  0  5 13  5  5  5  8  8  8  8  8  8]",[12]
"[12  8  8  8 12  5  5  0  0  2  1  1  7 10 10 10 10 10 13 13 13 12 12 12
 12 12  0 13 13 13  8  4  0  0  5  5  5  5  5  8  8 12  5  5  5  5  5 12
  2 17 12 11 19  0  5 13  5  5  5  8  8  8  8  8  8]",[5]
"[12  8  8  8 12  5  5  0  0  2  1  1  7 10 10 10 10 10 13 13 13 12 12 12
 12 12  0 13 13 13  8  4  0  0  5  5  5  5  5  8  8 12  5  5  5  5  5 12
  2 17 12 11 19  0  5 13  5  5  5  8  8  8  8  8  8]",[5]
"[ 0  0  2  1  1  7 10 10 10 10 10 13 13 13 12 12 12 12 12  0 13 13 13 13
  8  4  0  0  5  5  5  5  5  5  5  8  8  8 12 12  5  5  5  5  5  5  5 12
  2 17 12 11 19  0  5 13  5  5  5  8  8  8  8  8  8]",[0]
"[ 0  0  2  1  1  7 10 10 10 10 10 13 13 13 12 12 12 12 12  0 13 13 13 13
  8  4  0  0  5  5  5  5  5  5  5  8  8  8 12 12  5  5  5  5  5  5  5 12
  2 17 12 11 19  0  5 13  5  5  5  8  8  8  8  8  8]",[0]
"[ 2  2  1  1  7 10 10 10 10 10 13 13 13 12 12 12 12 12  0 13 13 13 13  8
  4  0  0  5  5  5  5  5  5  5  8  8  8 12 12  5  5  5  5  5  5  5 12  2
 17 12 11 19  0  5 13  5  5  5  8  8  8  8  8  8]",[2]
"[ 2  2  1  1  7 10 10 10 10 10 13 13 13 12 12 12 12 12  0 13 13 13 13  8
  4  0  0  5  5  5  5  5  5  5  8  8  8 12 12  5  5  5  5  5  5  5 12  2
 17 12 11 19  0  5 13  5  5  5  8  8  8  8  8  8]",[2]
"[ 1  1  7 10 10 10 10 10 17 17 13 13 13 17 17 12 12 12 12 12  0 13 13 13
 13  8  4  0  0  5  5  5  5  5  5  5  8  8  8 12 12  5  5  5  5  5  5  5
 12  2 17 12 11 19  0  5 13  5  5  5  8  8  8  8  8  8]",[1]
"[ 1  1  7 10 10 10 10 10 17 17 13 13 13 17 17 12 12 12 12 12  0 13 13 13
 13  8  4  0  0  5  5  5  5  5  5  5  8  8  8 12 12  5  5  5  5  5  5  5
 12  2 17 12 11 19  0  5 13  5  5  5  8  8  8  8  8  8]",[1]
"[ 1  1  7 10 10 10 10 10 17 17 13 13 13 17 17 12 12 12 12 12  0 13 13 13
 13  8  4  0  0  5  5  5  5  5  5  5  8  8  8 12 12  5  5  5  5  5  5  5
 12  2 17 12 11 19  0  5 13  5  5  5  8  8  8  8  8  8]",[7]
"[10 10 10 10 10 10 17 17 13 13 13 17 17 12 12 12 12 12  0 13 13 13 13  8
  4  0  0  0  5  5  5  5  5  5  5  8  8  8 12 12  5  5  5  5  5  5  5 12
  2 17 12 11 19  0  5 13  5  5  5  8  8  8  8  8  8]",[10]
"[10 10 10 10 10 10 17 17 13 13 13 17 17 12 12 12 12 12  0 13 13 13 13  8
  4  0  0  0  5  5  5  5  5  5  5  8  8  8 12 12  5  5  5  5  5  5  5 12
  2 17 12 11 19  0  5 13  5  5  5  8  8  8  8  8  8]",[10]
"[10 10 10 10 10 10 17 17 13 13 13 17 17 12 12 12 12 12  0 13 13 13 13  8
  4  0  0  0  5  5  5  5  5  5  5  8  8  8 12 12  5  5  5  5  5  5  5 12
  2 17 12 11 19  0  5 13  5  5  5  8  8  8  8  8  8]",[10]
"[10 10 10 10 10 10 17 17 13 13 13 17 17 12 12 12 12 12  0 13 13 13 13  8
  4  0  0  0  5  5  5  5  5  5  5  8  8  8 12 12  5  5  5  5  5  5  5 12
  2 17 12 11 19  0  5 13  5  5  5  8  8  8  8  8  8]",[10]
"[10 10 10 10 10 10 17 17 13 13 13 17 17 12 12 12 12 12  0 13 13 13 13  8
  4  0  0  0  5  5  5  5  5  5  5  8  8  8 12 12  5  5  5  5  5  5  5 12
  2 17 12 11 19  0  5 13  5  5  5  8  8  8  8  8  8]",[10]
"[10 10 10 10 10 10 17 17 13 13 13 17 17 12 12 12 12 12  0 13 13 13 13  8
  4  0  0  0  5  5  5  5  5  5  5  8  8  8 12 12  5  5  5  5  5  5  5 12
  2 17 12 11 19  0  5 13  5  5  5  8  8  8  8  8  8]",[10]
"[10 10 10 10 10 10 17 17 13 13 13 17 17 12 12 12 12 12  0 13 13 13 13  8
  4  0  0  0  5  5  5  5  5  5  5  8  8  8 12 12  5  5  5  5  5  5  5 12
  2 17 12 11 19  0  5 13  5  5  5  8  8  8  8  8  8]",[17]
"[10 10 10 10 10 10 17 17 13 13 13 17 17 12 12 12 12 12  0 13 13 13 13  8
  4  0  0  0  5  5  5  5  5  5  5  8  8  8 12 12  5  5  5  5  5  5  5 12
  2 17 12 11 19  0  5 13  5  5  5  8  8  8  8  8  8]",[17]
"[10 10 10 10 10 10 17 17 13 13 13 17 17 12 12 12 12 12  0 13 13 13 13  8
  4  0  0  0  5  5  5  5  5  5  5  8  8  8 12 12  5  5  5  5  5  5  5 12
  2 17 12 11 19  0  5 13  5  5  5  8  8  8  8  8  8]",[13]
"[10 10 10 10 10 10 17 17 13 13 13 17 17 12 12 12 12 12  0 13 13 13 13  8
  4  0  0  0  5  5  5  5  5  5  5  8  8  8 12 12  5  5  5  5  5  5  5 12
  2 17 12 11 19  0  5 13  5  5  5  8  8  8  8  8  8]",[13]
"[10 10 10 10 10 10 17 17 13 13 13 17 17 12 12 12 12 12  0 13 13 13 13  8
  4  0  0  0  5  5  5  5  5  5  5  8  8  8 12 12  5  5  5  5  5  5  5 12
  2 17 12 11 19  0  5 13  5  5  5  8  8  8  8  8  8]",[13]
"[10 10 10 10 10 10 17 17 13 13 13 17 17 12 12 12 12 12  0 13 13 13 13  8
  4  0  0  0  5  5  5  5  5  5  5  8  8  8 12 12  5  5  5  5  5  5  5 12
  2 17 12 11 19  0  5 13  5  5  5  8  8  8  8  8  8]",[17]
"[10 10 10 10 10 10 17 17 13 13 13 17 17 12 12 12 12 12  0 13 13 13 13  8
  4  0  0  0  5  5  5  5  5  5  5  8  8  8 12 12  5  5  5  5  5  5  5 12
  2 17 12 11 19  0  5 13  5  5  5  8  8  8  8  8  8]",[17]
"[12 12 12 12 12  0 13 13 13 13 13 13  8  4  0  0  0  5  5  5  5  5  5  5
  8  8  8 12 12  5  5  5  5  5  5  5 12 10  2 17 12 11 19  0  5 13  5  5
  5  8  8  8  8  8  8]",[12]
"[12 12 12 12 12  0 13 13 13 13 13 13  8  4  0  0  0  5  5  5  5  5  5  5
  8  8  8 12 12  5  5  5  5  5  5  5 12 10  2 17 12 11 19  0  5 13  5  5
  5  8  8  8  8  8  8]",[12]
"[12 12 12 12 12  0 13 13 13 13 13 13  8  4  0  0  0  5  5  5  5  5  5  5
  8  8  8 12 12  5  5  5  5  5  5  5 12 10  2 17 12 11 19  0  5 13  5  5
  5  8  8  8  8  8  8]",[12]
"[12 12 12 12 12  0 13 13 13 13 13 13  8  4  0  0  0  5  5  5  5  5  5  5
  8  8  8 12 12  5  5  5  5  5  5  5 12 10  2 17 12 11 19  0  5 13  5  5
  5  8  8  8  8  8  8]",[12]
"[12 12 12 12 12  0 13 13 13 13 13 13  8  4  0  0  0  5  5  5  5  5  5  5
  8  8  8 12 12  5  5  5  5  5  5  5 12 10  2 17 12 11 19  0  5 13  5  5
  5  8  8  8  8  8  8]",[12]
"[ 0 13 13 13 13 13 13  8  4  0  0  0  5  5  5  5  5  5  5  8  8  8 12 12
  5  5  5  5  5  5  5 12 10  2 17 17 12 11 19  0  5 13  5  5  5  8  8  8
  8  8  8  8]",[0]
"[ 0 13 13 13 13 13 13  8  4  0  0  0  5  5  5  5  5  5  5  8  8  8 12 12
  5  5  5  5  5  5  5 12 10  2 17 17 12 11 19  0  5 13  5  5  5  8  8  8
  8  8  8  8]",[13]
"[ 0 13 13 13 13 13 13  8  4  0  0  0  5  5  5  5  5  5  5  8  8  8 12 12
  5  5  5  5  5  5  5 12 10  2 17 17 12 11 19  0  5 13  5  5  5  8  8  8
  8  8  8  8]",[13]
"[ 0 13 13 13 13 13 13  8  4  0  0  0  5  5  5  5  5  5  5  8  8  8 12 12
  5  5  5  5  5  5  5 12 10  2 17 17 12 11 19  0  5 13  5  5  5  8  8  8
  8  8  8  8]",[13]
"[ 0 13 13 13 13 13 13  8  4  0  0  0  5  5  5  5  5  5  5  8  8  8 12 12
  5  5  5  5  5  5  5 12 10  2 17 17 12 11 19  0  5 13  5  5  5  8  8  8
  8  8  8  8]",[13]
"[13 13  8  4  0  0  0  5  5  5  5  5  5  5  8  8  8 12 12  5  5  5  5  5
  5  5 12 10  2 17 17 12 11 19  0  5 13  5  5  5  8  8  8  8  8  8  8  8]",[13]
"[13 13  8  4  0  0  0  5  5  5  5  5  5  5  8  8  8 12 12  5  5  5  5  5
  5  5 12 10  2 17 17 12 11 19  0  5 13  5  5  5  8  8  8  8  8  8  8  8]",[13]
"[ 8  4  0  0  0  5  5  5  5  5  5  5  8  8  8 12 12  5  5  5  5  5  5  5
 12 10  2 17 17 12 11 19  0  5 13  5  5  5  8  8  8  8  8  8  8  8]",[8]
"[ 8  4  0  0  0  5  5  5  5  5  5  5  8  8  8 12 12  5  5  5  5  5  5  5
 12 10  2 17 17 12 11 19  0  5 13  5  5  5  8  8  8  8  8  8  8  8]",[4]
"[ 0  0  0  5  5  5  5  5  5  5  8  8  8 12 12  5  5  5  5  5  5  5 12 10
  2 17 17 12 11 19  0  5 13  5  5  5  8  8  8  8  8  8  8  8]",[0]
"[ 0  0  0  5  5  5  5  5  5  5  8  8  8 12 12  5  5  5  5  5  5  5 12 10
  2 17 17 12 11 19  0  5 13  5  5  5  8  8  8  8  8  8  8  8]",[0]
"[ 0  0  0  5  5  5  5  5  5  5  8  8  8 12 12  5  5  5  5  5  5  5 12 10
  2 17 17 12 11 19  0  5 13  5  5  5  8  8  8  8  8  8  8  8]",[0]
"[ 5  5  5  5  5  5  5  8  8  8 12 12  5  5  5  5  5  5  5 12 10  2 17 17
 12 11 19  0  5 13  5  5  5  8  8  8  8  8  8  8  8]",[5]
"[ 5  5  5  5  5  5  5  8  8  8 12 12  5  5  5  5  5  5  5 12 10  2 17 17
 12 11 19  0  5 13  5  5  5  8  8  8  8  8  8  8  8]",[5]
"[ 5  5  5  5  5  5  5  8  8  8 12 12  5  5  5  5  5  5  5 12 10  2 17 17
 12 11 19  0  5 13  5  5  5  8  8  8  8  8  8  8  8]",[5]
"[ 5  5  5  5  5  8  8  8 12 12  5  5  5  5  5  5  5 12 10  2 17 17 12 11
 19  0  5 13 13  5  5  5  8  8  8  8  8  8  8  8  8]",[5]
"[ 5  5  5  5  5  8  8  8 12 12  5  5  5  5  5  5  5 12 10  2 17 17 12 11
 19  0  5 13 13  5  5  5  8  8  8  8  8  8  8  8  8]",[5]
"[ 5  5  5  5  5  8  8  8 12 12  5  5  5  5  5  5  5 12 10  2 17 17 12 11
 19  0  5 13 13  5  5  5  8  8  8  8  8  8  8  8  8]",[5]
"[ 5  5  8  8  8  8  8 12 12  5  5  5  5  5  5  5 12 10  2 17 17 12 11 19
  0  5 13 13  5  5  5  8  8  8  8  8  8  8  8  8]",[5]
"[ 5  5  8  8  8  8  8 12 12  5  5  5  5  5  5  5 12 10  2 17 17 12 11 19
  0  5 13 13  5  5  5  8  8  8  8  8  8  8  8  8]",[5]
"[ 8  8  8  8  8 12 12  5  5  5  5  5  5  5 12 10  2 17 17 12 11 19  0  5
 13 13  5  5  5  8  8  8  8  8  8  8  8  8]",[8]
"[ 8  8  8  8  8 12 12  5  5  5  5  5  5  5 12 10  2 17 17 12 11 19  0  5
 13 13  5  5  5  8  8  8  8  8  8  8  8  8]",[8]
"[ 8  8  8  8  8 12 12  5  5  5  5  5  5  5 12 10  2 17 17 12 11 19  0  5
 13 13  5  5  5  8  8  8  8  8  8  8  8  8]",[8]
"[ 8  8  8  8  8 12 12  5  5  5  5  5  5  5 12 10  2 17 17 12 11 19  0  5
 13 13  5  5  5  8  8  8  8  8  8  8  8  8]",[8]
"[ 8  8  8  8  8 12 12  5  5  5  5  5  5  5 12 10  2 17 17 12 11 19  0  5
 13 13  5  5  5  8  8  8  8  8  8  8  8  8]",[8]
"[12 12  5  5  5  5  5  5  5 12 10  2 17 17 12 12 11 19  0  5 13 13  5  5
  5  8  8  8  8  8  8  8  8  8]",[12]
"[12 12  5  5  5  5  5  5  5 12 10  2 17 17 12 12 11 19  0  5 13 13  5  5
  5  8  8  8  8  8  8  8  8  8]",[12]
"[12 12  5  5  5  5  5  5  5 12 10  2 17 17 12 12 11 19  0  5 13 13  5  5
  5  8  8  8  8  8  8  8  8  8]",[5]
"[ 5  5  5  5  5  5 12 10  2 17 17 12 12 11 19  0  5 13 13  5  5  5  8  8
  8  8  8  8  8  8  8]",[5]
"[ 5  5  5  5  5  5 12 10  2 17 17 12 12 11 19  0  5 13 13  5  5  5  8  8
  8  8  8  8  8  8  8]",[5]
"[ 5  5  5  5  5  5 12 10  2 17 17 12 12 11 19  0  5 13 13  5  5  5  8  8
  8  8  8  8  8  8  8]",[5]
"[ 5  5  5  5  5  5 12 10  2 17 17 12 12 11 19  0  5 13 13  5  5  5  8  8
  8  8  8  8  8  8  8]",[5]
"[ 5  5  5  5  5  5 12 10  2 17 17 12 12 11 19  0  5 13 13  5  5  5  8  8
  8  8  8  8  8  8  8]",[5]
"[ 5  5  5  5  5  5 12 10  2 17 17 12 12 11 19  0  5 13 13  5  5  5  8  8
  8  8  8  8  8  8  8]",[5]
"[12 10  2 17 17 17 12 12 11 19  0  5 13 13  5  5  5  8  8  8  8  8  8  8
  8  8]",[12]
"[10  2 17 17 17 12 12 11 19  0  0  5 13 13  5  5  5  8  8  8  8  8  8  8
  8  8]",[10]
"[10  2 17 17 17 12 12 11 19  0  0  5 13 13  5  5  5  8  8  8  8  8  8  8
  8  8]",[2]
"[10  2 17 17 17 12 12 11 19  0  0  5 13 13  5  5  5  8  8  8  8  8  8  8
  8  8]",[17]
"[10  2 17 17 17 12 12 11 19  0  0  5 13 13  5  5  5  8  8  8  8  8  8  8
  8  8]",[17]
"[10  2 17 17 17 12 12 11 19  0  0  5 13 13  5  5  5  8  8  8  8  8  8  8
  8  8]",[17]
"[10  2 17 17 17 12 12 11 19  0  0  5 13 13  5  5  5  8  8  8  8  8  8  8
  8  8]",[12]
"[10  2 17 17 17 12 12 11 19  0  0  5 13 13  5  5  5  8  8  8  8  8  8  8
  8  8]",[12]
[11 19  0  0  5  5 13 13  5  5  5  5  8  8  8  8  8  8  8  8  8  8  8],[11]
[19  0  0  5  5  5 13 13  5  5  5  5  8  8  8  8  8  8  8  8  8  8  8],[19]
[19  0  0  5  5  5 13 13  5  5  5  5  8  8  8  8  8  8  8  8  8  8  8],[0]
[ 0  5  5  5 13 13 13  5  5  5  5  8  8  8  8  8  8  8  8  8  8  8],[0]
[ 0  5  5  5 13 13 13  5  5  5  5  8  8  8  8  8  8  8  8  8  8  8],[5]
[ 5  5 13 13 13  5  5  5  5  8  8  8  8  8  8  8  8  8  8  8],[5]
[ 5  5 13 13 13  5  5  5  5  8  8  8  8  8  8  8  8  8  8  8],[5]
[13 13 13  5  5  5  5  8  8  8  8  8  8  8  8  8  8  8  8],[13]
[13 13 13  5  5  5  5  8  8  8  8  8  8  8  8  8  8  8  8],[13]
[13 13 13  5  5  5  5  8  8  8  8  8  8  8  8  8  8  8  8],[13]
[13 13 13  5  5  5  5  8  8  8  8  8  8  8  8  8  8  8  8],[5]
[13 13 13  5  5  5  5  8  8  8  8  8  8  8  8  8  8  8  8],[5]
[5 5 8 8 8 8 8 8 8 8 8 8 8 8],[5]
[5 5 8 8 8 8 8 8 8 8 8 8 8 8],[5]
[8 8 8 8 8 8 8 8 8 8 8 8 8],[8]
[8 8 8 8 8 8 8 8 8 8 8 8 8],[8]
[8 8 8 8 8 8 8 8 8 8 8 8 8],[8]
[8 8 8 8 8 8 8 8 8 8 8 8 8],[8]
[8 8 8 8 8 8 8 8 8 8 8 8 8],[8]
[8 8 8 8 8 8 8 8],[8]
[8 8 8 8 8 8 8 8],[8]
[8 8 8 8 8 8 8 8],[8]
[8 8 8 8 8 8 8 8],[8]
[8 8 8 8 8 8 8 8],[8]
[8 8 8 8 8 8 8 8],[8]
[8 8 8 8 8 8 8 8],[8]
[8 8 8 8 8 8 8 8],[8]
