SIMUL,DES
"[5, 8, 8, 8, 8, 8, 8, 5, 8, 2, 10, 8, 8, 8, 10, 10, 10, 13, 8, 2, 2, 13, 0, 10, 5, 5, 8, 2, 2, 10, 7, 7, 0, 1, 0, 18, 10, 12, 10, 10, 10, 13, 13, 13, 13, 1, 5, 5, 17, 7, 8, 8, 5]",[5]
"[5, 8, 8, 8, 8, 8, 8, 5, 8, 2, 10, 8, 8, 8, 10, 10, 10, 13, 8, 2, 2, 13, 0, 10, 5, 5, 8, 2, 2, 10, 7, 7, 0, 1, 0, 18, 10, 12, 10, 10, 10, 13, 13, 13, 13, 1, 5, 5, 17, 7, 8, 8, 5]",[8]
"[5, 8, 8, 8, 8, 8, 8, 5, 8, 2, 10, 8, 8, 8, 10, 10, 10, 13, 8, 2, 2, 13, 0, 10, 5, 5, 8, 2, 2, 10, 7, 7, 0, 1, 0, 18, 10, 12, 10, 10, 10, 13, 13, 13, 13, 1, 5, 5, 17, 7, 8, 8, 5]",[8]
"[5, 8, 8, 8, 8, 8, 8, 5, 8, 2, 10, 8, 8, 8, 10, 10, 10, 13, 8, 2, 2, 13, 0, 10, 5, 5, 8, 2, 2, 10, 7, 7, 0, 1, 0, 18, 10, 12, 10, 10, 10, 13, 13, 13, 13, 1, 5, 5, 17, 7, 8, 8, 5]",[8]
"[5, 8, 8, 8, 8, 8, 8, 5, 8, 2, 10, 8, 8, 8, 10, 10, 10, 13, 8, 2, 2, 13, 0, 10, 5, 5, 8, 2, 2, 10, 7, 7, 0, 1, 0, 18, 10, 12, 10, 10, 10, 13, 13, 13, 13, 1, 5, 5, 17, 7, 8, 8, 5]",[8]
"[5, 8, 8, 8, 8, 8, 8, 5, 8, 2, 10, 8, 8, 8, 10, 10, 10, 13, 8, 2, 2, 13, 0, 10, 5, 5, 8, 2, 2, 10, 7, 7, 0, 1, 0, 18, 10, 12, 10, 10, 10, 13, 13, 13, 13, 1, 5, 5, 17, 7, 8, 8, 5]",[8]
"[5, 8, 8, 8, 8, 8, 8, 5, 8, 2, 10, 8, 8, 8, 10, 10, 10, 13, 8, 2, 2, 13, 0, 10, 5, 5, 8, 2, 2, 10, 7, 7, 0, 1, 0, 18, 10, 12, 10, 10, 10, 13, 13, 13, 13, 1, 5, 5, 17, 7, 8, 8, 5]",[8]
"[5, 8, 8, 8, 8, 8, 8, 5, 8, 2, 10, 8, 8, 8, 10, 10, 10, 13, 8, 2, 2, 13, 0, 10, 5, 5, 8, 2, 2, 10, 7, 7, 0, 1, 0, 18, 10, 12, 10, 10, 10, 13, 13, 13, 13, 1, 5, 5, 17, 7, 8, 8, 5]",[5]
"[5, 8, 8, 8, 8, 8, 8, 5, 8, 2, 10, 8, 8, 8, 10, 10, 10, 13, 8, 2, 2, 13, 0, 10, 5, 5, 8, 2, 2, 10, 7, 7, 0, 1, 0, 18, 10, 12, 10, 10, 10, 13, 13, 13, 13, 1, 5, 5, 17, 7, 8, 8, 5]",[8]
"[2, 8, 8, 8, 10, 8, 8, 8, 10, 10, 10, 13, 8, 2, 2, 13, 0, 10, 5, 5, 8, 2, 2, 10, 7, 7, 0, 1, 0, 18, 10, 12, 10, 10, 10, 13, 13, 13, 13, 1, 5, 5, 17, 7, 8, 8, 5]",[2]
"[8, 8, 8, 8, 10, 8, 8, 8, 10, 10, 10, 13, 8, 2, 2, 13, 0, 10, 5, 5, 8, 0, 2, 2, 10, 8, 7, 7, 0, 1, 0, 18, 10, 12, 10, 10, 10, 13, 13, 13, 13, 1, 5, 5, 17, 7, 8, 8, 1, 5]",[8]
"[8, 8, 8, 8, 10, 8, 8, 8, 10, 10, 10, 13, 8, 2, 2, 13, 0, 10, 5, 5, 8, 0, 2, 2, 10, 8, 7, 7, 0, 1, 0, 18, 10, 12, 10, 10, 10, 13, 13, 13, 13, 1, 5, 5, 17, 7, 8, 8, 1, 5]",[8]
"[8, 8, 8, 8, 10, 8, 8, 8, 10, 10, 10, 13, 8, 2, 2, 13, 0, 10, 5, 5, 8, 0, 2, 2, 10, 8, 7, 7, 0, 1, 0, 18, 10, 12, 10, 10, 10, 13, 13, 13, 13, 1, 5, 5, 17, 7, 8, 8, 1, 5]",[8]
"[8, 10, 8, 8, 8, 10, 10, 10, 13, 8, 2, 2, 13, 0, 10, 5, 5, 19, 8, 0, 2, 2, 10, 8, 7, 7, 0, 1, 0, 18, 10, 12, 10, 10, 10, 13, 13, 13, 13, 1, 5, 5, 17, 7, 8, 8, 1, 5]",[8]
"[10, 8, 8, 8, 8, 10, 10, 10, 13, 8, 2, 2, 13, 0, 10, 5, 5, 19, 19, 19, 8, 0, 2, 2, 2, 10, 8, 7, 7, 0, 1, 0, 18, 10, 12, 10, 10, 10, 13, 13, 13, 13, 1, 5, 5, 17, 7, 8, 8, 1, 5]",[10]
"[8, 8, 8, 8, 10, 10, 10, 13, 8, 2, 2, 13, 0, 10, 5, 5, 19, 19, 19, 8, 0, 2, 2, 2, 10, 8, 7, 7, 0, 1, 0, 18, 10, 12, 10, 10, 10, 13, 13, 13, 13, 1, 5, 5, 17, 7, 8, 8, 1, 5]",[8]
"[8, 8, 8, 8, 10, 10, 10, 13, 8, 2, 2, 13, 0, 10, 5, 5, 19, 19, 19, 8, 0, 2, 2, 2, 10, 8, 7, 7, 0, 1, 0, 18, 10, 12, 10, 10, 10, 13, 13, 13, 13, 1, 5, 5, 17, 7, 8, 8, 1, 5]",[8]
"[8, 8, 10, 10, 10, 13, 8, 2, 2, 13, 0, 10, 10, 5, 5, 19, 19, 19, 8, 0, 2, 2, 2, 10, 8, 7, 7, 0, 1, 0, 18, 10, 12, 10, 10, 10, 13, 13, 13, 13, 1, 5, 5, 17, 7, 8, 8, 1, 5]",[8]
"[8, 8, 10, 10, 10, 13, 8, 2, 2, 13, 0, 10, 10, 5, 5, 19, 19, 19, 8, 0, 2, 2, 2, 10, 8, 7, 7, 0, 1, 0, 18, 10, 12, 10, 10, 10, 13, 13, 13, 13, 1, 5, 5, 17, 7, 8, 8, 1, 5]",[8]
"[10, 10, 10, 13, 8, 2, 2, 13, 0, 10, 10, 5, 5, 19, 19, 19, 8, 0, 2, 2, 2, 10, 8, 7, 7, 0, 1, 0, 18, 10, 12, 10, 10, 10, 13, 13, 13, 13, 1, 5, 5, 17, 7, 8, 8, 1, 5]",[10]
"[10, 10, 10, 13, 8, 2, 2, 13, 0, 10, 10, 5, 5, 19, 19, 19, 8, 0, 2, 2, 2, 10, 8, 7, 7, 0, 1, 0, 18, 10, 12, 10, 10, 10, 13, 13, 13, 13, 1, 5, 5, 17, 7, 8, 8, 1, 5]",[10]
"[10, 13, 8, 8, 8, 2, 2, 13, 0, 10, 10, 10, 5, 5, 0, 19, 19, 19, 19, 11, 11, 8, 0, 2, 2, 2, 10, 8, 7, 7, 0, 1, 10, 0, 18, 10, 10, 12, 10, 10, 10, 13, 13, 13, 13, 1, 0, 7, 5, 10, 5, 8, 8, 10, 5, 17, 7, 19, 10, 8, 8, 1, 5]",[10]
"[10, 13, 8, 8, 8, 2, 2, 13, 0, 10, 10, 10, 5, 5, 0, 19, 19, 19, 19, 11, 11, 8, 0, 2, 2, 2, 10, 8, 7, 7, 0, 1, 10, 0, 18, 10, 10, 12, 10, 10, 10, 13, 13, 13, 13, 1, 0, 7, 5, 10, 5, 8, 8, 10, 5, 17, 7, 19, 10, 8, 8, 1, 5]",[13]
"[10, 13, 8, 8, 8, 2, 2, 13, 0, 10, 10, 10, 5, 5, 0, 19, 19, 19, 19, 11, 11, 8, 0, 2, 2, 2, 10, 8, 7, 7, 0, 1, 10, 0, 18, 10, 10, 12, 10, 10, 10, 13, 13, 13, 13, 1, 0, 7, 5, 10, 5, 8, 8, 10, 5, 17, 7, 19, 10, 8, 8, 1, 5]",[8]
"[10, 13, 8, 8, 8, 2, 2, 13, 0, 10, 10, 10, 5, 5, 0, 19, 19, 19, 19, 11, 11, 8, 0, 2, 2, 2, 10, 8, 7, 7, 0, 1, 10, 0, 18, 10, 10, 12, 10, 10, 10, 13, 13, 13, 13, 1, 0, 7, 5, 10, 5, 8, 8, 10, 5, 17, 7, 19, 10, 8, 8, 1, 5]",[8]
"[10, 13, 8, 8, 8, 2, 2, 13, 0, 10, 10, 10, 5, 5, 0, 19, 19, 19, 19, 11, 11, 8, 0, 2, 2, 2, 10, 8, 7, 7, 0, 1, 10, 0, 18, 10, 10, 12, 10, 10, 10, 13, 13, 13, 13, 1, 0, 7, 5, 10, 5, 8, 8, 10, 5, 17, 7, 19, 10, 8, 8, 1, 5]",[8]
"[2, 2, 13, 0, 10, 10, 10, 5, 5, 0, 19, 19, 19, 19, 11, 11, 8, 0, 2, 2, 2, 10, 8, 7, 7, 0, 1, 10, 0, 18, 10, 10, 12, 10, 10, 10, 13, 13, 13, 13, 1, 0, 7, 5, 10, 5, 8, 8, 10, 5, 17, 7, 19, 10, 8, 8, 1, 5]",[2]
"[13, 2, 13, 0, 10, 10, 10, 5, 5, 0, 19, 19, 19, 19, 11, 11, 8, 0, 2, 2, 2, 10, 8, 7, 7, 0, 1, 10, 0, 18, 10, 10, 12, 10, 10, 10, 13, 13, 13, 13, 1, 0, 7, 5, 10, 5, 8, 8, 10, 5, 17, 7, 19, 10, 8, 8, 1, 5]",[13]
"[13, 2, 13, 0, 10, 10, 10, 5, 5, 0, 19, 19, 19, 19, 11, 11, 8, 0, 2, 2, 2, 10, 8, 7, 7, 0, 1, 10, 0, 18, 10, 10, 12, 10, 10, 10, 13, 13, 13, 13, 1, 0, 7, 5, 10, 5, 8, 8, 10, 5, 17, 7, 19, 10, 8, 8, 1, 5]",[2]
"[13, 0, 10, 10, 10, 5, 5, 0, 19, 19, 19, 19, 11, 11, 8, 0, 2, 2, 2, 2, 10, 8, 7, 7, 0, 1, 10, 0, 18, 10, 10, 12, 10, 10, 10, 13, 13, 13, 13, 1, 0, 7, 5, 2, 10, 5, 10, 5, 8, 8, 10, 5, 0, 17, 0, 7, 19, 5, 5, 10, 8, 8, 1, 5]",[13]
"[0, 10, 10, 10, 5, 5, 0, 19, 19, 19, 19, 11, 11, 8, 0, 2, 2, 2, 2, 10, 8, 7, 7, 0, 1, 10, 0, 18, 10, 10, 12, 10, 10, 10, 13, 13, 13, 13, 1, 0, 7, 5, 2, 10, 5, 10, 5, 8, 8, 10, 5, 0, 17, 0, 7, 19, 5, 5, 10, 8, 8, 1, 5]",[0]
"[10, 10, 10, 10, 5, 5, 0, 19, 19, 19, 19, 11, 11, 11, 8, 0, 2, 2, 2, 2, 10, 8, 7, 7, 0, 1, 10, 0, 18, 10, 10, 10, 12, 10, 10, 10, 13, 13, 13, 13, 1, 0, 7, 5, 2, 10, 5, 10, 5, 8, 8, 10, 5, 0, 17, 0, 7, 19, 5, 5, 12, 10, 8, 8, 1, 5]",[10]
"[10, 10, 10, 10, 5, 5, 0, 19, 19, 19, 19, 11, 11, 11, 8, 0, 2, 2, 2, 2, 10, 8, 7, 7, 0, 1, 10, 0, 18, 10, 10, 10, 12, 10, 10, 10, 13, 13, 13, 13, 1, 0, 7, 5, 2, 10, 5, 10, 5, 8, 8, 10, 5, 0, 17, 0, 7, 19, 5, 5, 12, 10, 8, 8, 1, 5]",[10]
"[10, 10, 10, 10, 5, 5, 0, 19, 19, 19, 19, 11, 11, 11, 8, 0, 2, 2, 2, 2, 10, 8, 7, 7, 0, 1, 10, 0, 18, 10, 10, 10, 12, 10, 10, 10, 13, 13, 13, 13, 1, 0, 7, 5, 2, 10, 5, 10, 5, 8, 8, 10, 5, 0, 17, 0, 7, 19, 5, 5, 12, 10, 8, 8, 1, 5]",[10]
"[10, 10, 10, 10, 5, 5, 0, 19, 19, 19, 19, 11, 11, 11, 8, 0, 2, 2, 2, 2, 10, 8, 7, 7, 0, 1, 10, 0, 18, 10, 10, 10, 12, 10, 10, 10, 13, 13, 13, 13, 1, 0, 7, 5, 2, 10, 5, 10, 5, 8, 8, 10, 5, 0, 17, 0, 7, 19, 5, 5, 12, 10, 8, 8, 1, 5]",[10]
"[5, 5, 0, 0, 19, 19, 19, 19, 11, 11, 11, 8, 0, 2, 2, 2, 2, 2, 2, 10, 2, 8, 7, 7, 0, 1, 10, 0, 18, 10, 10, 10, 10, 12, 10, 10, 10, 10, 13, 13, 13, 13, 13, 1, 19, 0, 7, 5, 13, 2, 0, 0, 10, 5, 10, 5, 8, 8, 10, 5, 5, 0, 17, 0, 7, 19, 5, 5, 12, 10, 8, 8, 1, 5]",[5]
"[5, 5, 0, 0, 19, 19, 19, 19, 11, 11, 11, 8, 0, 2, 2, 2, 2, 2, 2, 10, 2, 8, 7, 7, 0, 1, 10, 0, 18, 10, 10, 10, 10, 12, 10, 10, 10, 10, 13, 13, 13, 13, 13, 1, 19, 0, 7, 5, 13, 2, 0, 0, 10, 5, 10, 5, 8, 8, 10, 5, 5, 0, 17, 0, 7, 19, 5, 5, 12, 10, 8, 8, 1, 5]",[5]
"[0, 0, 19, 19, 19, 19, 11, 11, 11, 8, 0, 0, 2, 2, 2, 2, 2, 2, 10, 2, 8, 8, 7, 7, 0, 1, 1, 10, 10, 0, 18, 18, 10, 10, 10, 10, 12, 10, 10, 10, 10, 5, 5, 13, 13, 13, 13, 13, 13, 1, 19, 0, 7, 5, 10, 13, 2, 0, 0, 10, 5, 10, 5, 8, 8, 2, 10, 2, 5, 5, 5, 8, 8, 8, 5, 0, 0, 0, 19, 17, 0, 15, 0, 10, 10, 7, 19, 12, 5, 5, 5, 8, 4, 12, 10, 10, 8, 8, 1, 5]",[0]
"[0, 19, 19, 19, 19, 11, 11, 11, 8, 0, 0, 2, 2, 2, 2, 2, 2, 10, 2, 8, 8, 7, 7, 0, 1, 1, 10, 10, 0, 18, 18, 10, 10, 10, 10, 12, 10, 10, 10, 10, 5, 5, 13, 13, 13, 13, 13, 13, 1, 19, 0, 7, 5, 10, 13, 2, 0, 0, 10, 5, 10, 5, 8, 8, 2, 10, 2, 5, 5, 5, 8, 8, 8, 5, 0, 0, 0, 19, 17, 0, 15, 0, 10, 10, 7, 19, 12, 5, 5, 5, 8, 4, 12, 10, 10, 8, 8, 1, 5]",[0]
"[19, 19, 19, 19, 11, 11, 11, 8, 8, 0, 0, 2, 2, 2, 2, 2, 2, 10, 2, 8, 8, 7, 7, 0, 1, 1, 10, 10, 0, 18, 18, 10, 10, 10, 10, 12, 10, 10, 10, 10, 10, 5, 5, 13, 13, 13, 13, 13, 13, 1, 19, 0, 7, 5, 10, 13, 2, 0, 0, 10, 5, 10, 5, 8, 8, 2, 10, 2, 5, 5, 5, 8, 8, 8, 5, 0, 0, 0, 19, 17, 0, 15, 0, 10, 10, 7, 19, 12, 5, 5, 5, 8, 4, 12, 10, 10, 8, 8, 1, 5]",[19]
"[19, 19, 19, 19, 11, 11, 11, 8, 8, 0, 0, 2, 2, 2, 2, 2, 2, 10, 2, 8, 8, 7, 7, 0, 1, 1, 10, 10, 0, 18, 18, 10, 10, 10, 10, 12, 10, 10, 10, 10, 10, 5, 5, 13, 13, 13, 13, 13, 13, 1, 19, 0, 7, 5, 10, 13, 2, 0, 0, 10, 5, 10, 5, 8, 8, 2, 10, 2, 5, 5, 5, 8, 8, 8, 5, 0, 0, 0, 19, 17, 0, 15, 0, 10, 10, 7, 19, 12, 5, 5, 5, 8, 4, 12, 10, 10, 8, 8, 1, 5]",[19]
"[19, 19, 19, 19, 11, 11, 11, 8, 8, 0, 0, 2, 2, 2, 2, 2, 2, 10, 2, 8, 8, 7, 7, 0, 1, 1, 10, 10, 0, 18, 18, 10, 10, 10, 10, 12, 10, 10, 10, 10, 10, 5, 5, 13, 13, 13, 13, 13, 13, 1, 19, 0, 7, 5, 10, 13, 2, 0, 0, 10, 5, 10, 5, 8, 8, 2, 10, 2, 5, 5, 5, 8, 8, 8, 5, 0, 0, 0, 19, 17, 0, 15, 0, 10, 10, 7, 19, 12, 5, 5, 5, 8, 4, 12, 10, 10, 8, 8, 1, 5]",[19]
"[19, 19, 19, 19, 11, 11, 11, 8, 8, 0, 0, 2, 2, 2, 2, 2, 2, 10, 2, 8, 8, 7, 7, 0, 1, 1, 10, 10, 0, 18, 18, 10, 10, 10, 10, 12, 10, 10, 10, 10, 10, 5, 5, 13, 13, 13, 13, 13, 13, 1, 19, 0, 7, 5, 10, 13, 2, 0, 0, 10, 5, 10, 5, 8, 8, 2, 10, 2, 5, 5, 5, 8, 8, 8, 5, 0, 0, 0, 19, 17, 0, 15, 0, 10, 10, 7, 19, 12, 5, 5, 5, 8, 4, 12, 10, 10, 8, 8, 1, 5]",[19]
"[11, 11, 11, 8, 8, 0, 0, 2, 2, 2, 2, 2, 2, 10, 2, 8, 8, 7, 7, 0, 1, 1, 10, 10, 0, 18, 18, 10, 10, 10, 10, 12, 10, 10, 10, 10, 10, 5, 5, 13, 13, 13, 13, 13, 13, 1, 19, 0, 7, 5, 10, 13, 2, 0, 0, 10, 5, 10, 5, 8, 8, 2, 10, 2, 5, 5, 5, 8, 8, 8, 5, 0, 0, 0, 19, 17, 0, 15, 0, 10, 10, 7, 19, 12, 8, 5, 5, 5, 8, 4, 12, 10, 10, 8, 8, 1, 5]",[11]
"[11, 11, 11, 8, 8, 0, 0, 2, 2, 2, 2, 2, 2, 10, 2, 8, 8, 7, 7, 0, 1, 1, 10, 10, 0, 18, 18, 10, 10, 10, 10, 12, 10, 10, 10, 10, 10, 5, 5, 13, 13, 13, 13, 13, 13, 1, 19, 0, 7, 5, 10, 13, 2, 0, 0, 10, 5, 10, 5, 8, 8, 2, 10, 2, 5, 5, 5, 8, 8, 8, 5, 0, 0, 0, 19, 17, 0, 15, 0, 10, 10, 7, 19, 12, 8, 5, 5, 5, 8, 4, 12, 10, 10, 8, 8, 1, 5]",[11]
"[11, 11, 11, 8, 8, 0, 0, 2, 2, 2, 2, 2, 2, 10, 2, 8, 8, 7, 7, 0, 1, 1, 10, 10, 0, 18, 18, 10, 10, 10, 10, 12, 10, 10, 10, 10, 10, 5, 5, 13, 13, 13, 13, 13, 13, 1, 19, 0, 7, 5, 10, 13, 2, 0, 0, 10, 5, 10, 5, 8, 8, 2, 10, 2, 5, 5, 5, 8, 8, 8, 5, 0, 0, 0, 19, 17, 0, 15, 0, 10, 10, 7, 19, 12, 8, 5, 5, 5, 8, 4, 12, 10, 10, 8, 8, 1, 5]",[11]
"[11, 11, 11, 8, 8, 0, 0, 2, 2, 2, 2, 2, 2, 10, 2, 8, 8, 7, 7, 0, 1, 1, 10, 10, 0, 18, 18, 10, 10, 10, 10, 12, 10, 10, 10, 10, 10, 5, 5, 13, 13, 13, 13, 13, 13, 1, 19, 0, 7, 5, 10, 13, 2, 0, 0, 10, 5, 10, 5, 8, 8, 2, 10, 2, 5, 5, 5, 8, 8, 8, 5, 0, 0, 0, 19, 17, 0, 15, 0, 10, 10, 7, 19, 12, 8, 5, 5, 5, 8, 4, 12, 10, 10, 8, 8, 1, 5]",[8]
"[11, 11, 11, 8, 8, 0, 0, 2, 2, 2, 2, 2, 2, 10, 2, 8, 8, 7, 7, 0, 1, 1, 10, 10, 0, 18, 18, 10, 10, 10, 10, 12, 10, 10, 10, 10, 10, 5, 5, 13, 13, 13, 13, 13, 13, 1, 19, 0, 7, 5, 10, 13, 2, 0, 0, 10, 5, 10, 5, 8, 8, 2, 10, 2, 5, 5, 5, 8, 8, 8, 5, 0, 0, 0, 19, 17, 0, 15, 0, 10, 10, 7, 19, 12, 8, 5, 5, 5, 8, 4, 12, 10, 10, 8, 8, 1, 5]",[8]
"[0, 0, 2, 2, 2, 2, 2, 2, 10, 2, 8, 8, 7, 7, 0, 1, 1, 10, 10, 0, 18, 18, 10, 10, 10, 10, 12, 10, 10, 10, 10, 10, 5, 5, 13, 13, 13, 13, 13, 13, 1, 19, 0, 7, 5, 10, 13, 2, 0, 0, 10, 5, 10, 5, 8, 8, 2, 10, 2, 5, 5, 5, 8, 8, 8, 5, 0, 0, 0, 19, 17, 0, 15, 0, 10, 10, 7, 19, 12, 8, 5, 5, 5, 8, 4, 12, 10, 10, 8, 8, 1, 5]",[0]
"[0, 0, 2, 2, 2, 2, 2, 2, 10, 2, 8, 8, 7, 7, 0, 1, 1, 10, 10, 0, 18, 18, 10, 10, 10, 10, 12, 10, 10, 10, 10, 10, 5, 5, 13, 13, 13, 13, 13, 13, 1, 19, 0, 7, 5, 10, 13, 2, 0, 0, 10, 5, 10, 5, 8, 8, 2, 10, 2, 5, 5, 5, 8, 8, 8, 5, 0, 0, 0, 19, 17, 0, 15, 0, 10, 10, 7, 19, 12, 8, 5, 5, 5, 8, 4, 12, 10, 10, 8, 8, 1, 5]",[0]
"[0, 0, 2, 2, 2, 2, 2, 2, 10, 2, 8, 8, 7, 7, 0, 1, 1, 10, 10, 0, 18, 18, 10, 10, 10, 10, 12, 10, 10, 10, 10, 10, 5, 5, 13, 13, 13, 13, 13, 13, 1, 19, 0, 7, 5, 10, 13, 2, 0, 0, 10, 5, 10, 5, 8, 8, 2, 10, 2, 5, 5, 5, 8, 8, 8, 5, 0, 0, 0, 19, 17, 0, 15, 0, 10, 10, 7, 19, 12, 8, 5, 5, 5, 8, 4, 12, 10, 10, 8, 8, 1, 5]",[2]
"[0, 0, 2, 2, 2, 2, 2, 2, 10, 2, 8, 8, 7, 7, 0, 1, 1, 10, 10, 0, 18, 18, 10, 10, 10, 10, 12, 10, 10, 10, 10, 10, 5, 5, 13, 13, 13, 13, 13, 13, 1, 19, 0, 7, 5, 10, 13, 2, 0, 0, 10, 5, 10, 5, 8, 8, 2, 10, 2, 5, 5, 5, 8, 8, 8, 5, 0, 0, 0, 19, 17, 0, 15, 0, 10, 10, 7, 19, 12, 8, 5, 5, 5, 8, 4, 12, 10, 10, 8, 8, 1, 5]",[2]
"[0, 0, 2, 2, 2, 2, 2, 2, 10, 2, 8, 8, 7, 7, 0, 1, 1, 10, 10, 0, 18, 18, 10, 10, 10, 10, 12, 10, 10, 10, 10, 10, 5, 5, 13, 13, 13, 13, 13, 13, 1, 19, 0, 7, 5, 10, 13, 2, 0, 0, 10, 5, 10, 5, 8, 8, 2, 10, 2, 5, 5, 5, 8, 8, 8, 5, 0, 0, 0, 19, 17, 0, 15, 0, 10, 10, 7, 19, 12, 8, 5, 5, 5, 8, 4, 12, 10, 10, 8, 8, 1, 5]",[2]
"[0, 0, 2, 2, 2, 2, 2, 2, 10, 2, 8, 8, 7, 7, 0, 1, 1, 10, 10, 0, 18, 18, 10, 10, 10, 10, 12, 10, 10, 10, 10, 10, 5, 5, 13, 13, 13, 13, 13, 13, 1, 19, 0, 7, 5, 10, 13, 2, 0, 0, 10, 5, 10, 5, 8, 8, 2, 10, 2, 5, 5, 5, 8, 8, 8, 5, 0, 0, 0, 19, 17, 0, 15, 0, 10, 10, 7, 19, 12, 8, 5, 5, 5, 8, 4, 12, 10, 10, 8, 8, 1, 5]",[2]
"[0, 0, 2, 2, 2, 2, 2, 2, 10, 2, 8, 8, 7, 7, 0, 1, 1, 10, 10, 0, 18, 18, 10, 10, 10, 10, 12, 10, 10, 10, 10, 10, 5, 5, 13, 13, 13, 13, 13, 13, 1, 19, 0, 7, 5, 10, 13, 2, 0, 0, 10, 5, 10, 5, 8, 8, 2, 10, 2, 5, 5, 5, 8, 8, 8, 5, 0, 0, 0, 19, 17, 0, 15, 0, 10, 10, 7, 19, 12, 8, 5, 5, 5, 8, 4, 12, 10, 10, 8, 8, 1, 5]",[2]
"[0, 0, 2, 2, 2, 2, 2, 2, 10, 2, 8, 8, 7, 7, 0, 1, 1, 10, 10, 0, 18, 18, 10, 10, 10, 10, 12, 10, 10, 10, 10, 10, 5, 5, 13, 13, 13, 13, 13, 13, 1, 19, 0, 7, 5, 10, 13, 2, 0, 0, 10, 5, 10, 5, 8, 8, 2, 10, 2, 5, 5, 5, 8, 8, 8, 5, 0, 0, 0, 19, 17, 0, 15, 0, 10, 10, 7, 19, 12, 8, 5, 5, 5, 8, 4, 12, 10, 10, 8, 8, 1, 5]",[2]
"[10, 2, 8, 8, 7, 7, 0, 1, 1, 10, 10, 0, 18, 18, 10, 10, 10, 10, 12, 10, 10, 10, 10, 10, 5, 5, 13, 13, 13, 13, 13, 13, 1, 19, 0, 7, 5, 10, 13, 2, 0, 0, 10, 5, 10, 5, 8, 8, 2, 10, 2, 5, 5, 5, 8, 8, 8, 5, 0, 0, 0, 19, 17, 0, 15, 0, 10, 10, 7, 19, 12, 8, 5, 5, 5, 8, 4, 12, 10, 10, 8, 8, 1, 5]",[10]
"[0, 2, 8, 8, 7, 7, 0, 1, 1, 10, 10, 0, 18, 18, 10, 10, 10, 10, 12, 10, 10, 10, 10, 10, 5, 5, 13, 13, 13, 13, 13, 13, 1, 19, 0, 7, 5, 10, 13, 2, 0, 0, 10, 5, 10, 5, 8, 8, 2, 10, 2, 5, 5, 5, 8, 8, 8, 5, 0, 0, 0, 19, 17, 0, 15, 0, 10, 10, 7, 19, 12, 2, 8, 5, 5, 5, 8, 4, 12, 10, 10, 8, 8, 1, 0, 5]",[0]
"[0, 2, 8, 8, 7, 7, 0, 1, 1, 10, 10, 0, 18, 18, 10, 10, 10, 10, 12, 10, 10, 10, 10, 10, 5, 5, 13, 13, 13, 13, 13, 13, 1, 19, 0, 7, 5, 10, 13, 2, 0, 0, 10, 5, 10, 5, 8, 8, 2, 10, 2, 5, 5, 5, 8, 8, 8, 5, 0, 0, 0, 19, 17, 0, 15, 0, 10, 10, 7, 19, 12, 2, 8, 5, 5, 5, 8, 4, 12, 10, 10, 8, 8, 1, 0, 5]",[2]
"[8, 8, 7, 7, 0, 1, 1, 10, 10, 0, 18, 18, 10, 10, 10, 10, 12, 10, 10, 10, 10, 10, 5, 5, 13, 13, 13, 13, 13, 13, 1, 19, 0, 7, 5, 5, 10, 13, 2, 0, 0, 10, 10, 5, 10, 5, 8, 8, 2, 10, 2, 5, 5, 5, 8, 8, 8, 5, 0, 0, 0, 19, 17, 0, 15, 0, 10, 10, 7, 19, 12, 2, 8, 5, 5, 5, 8, 4, 12, 10, 10, 8, 8, 1, 0, 5]",[8]
"[8, 8, 7, 7, 0, 1, 1, 10, 10, 0, 18, 18, 10, 10, 10, 10, 12, 10, 10, 10, 10, 10, 5, 5, 13, 13, 13, 13, 13, 13, 1, 19, 0, 7, 5, 5, 10, 13, 2, 0, 0, 10, 10, 5, 10, 5, 8, 8, 2, 10, 2, 5, 5, 5, 8, 8, 8, 5, 0, 0, 0, 19, 17, 0, 15, 0, 10, 10, 7, 19, 12, 2, 8, 5, 5, 5, 8, 4, 12, 10, 10, 8, 8, 1, 0, 5]",[8]
"[8, 8, 7, 7, 0, 1, 1, 10, 10, 0, 18, 18, 10, 10, 10, 10, 12, 10, 10, 10, 10, 10, 5, 5, 13, 13, 13, 13, 13, 13, 1, 19, 0, 7, 5, 5, 10, 13, 2, 0, 0, 10, 10, 5, 10, 5, 8, 8, 2, 10, 2, 5, 5, 5, 8, 8, 8, 5, 0, 0, 0, 19, 17, 0, 15, 0, 10, 10, 7, 19, 12, 2, 8, 5, 5, 5, 8, 4, 12, 10, 10, 8, 8, 1, 0, 5]",[7]
"[8, 8, 7, 7, 0, 1, 1, 10, 10, 0, 18, 18, 10, 10, 10, 10, 12, 10, 10, 10, 10, 10, 5, 5, 13, 13, 13, 13, 13, 13, 1, 19, 0, 7, 5, 5, 10, 13, 2, 0, 0, 10, 10, 5, 10, 5, 8, 8, 2, 10, 2, 5, 5, 5, 8, 8, 8, 5, 0, 0, 0, 19, 17, 0, 15, 0, 10, 10, 7, 19, 12, 2, 8, 5, 5, 5, 8, 4, 12, 10, 10, 8, 8, 1, 0, 5]",[7]
"[0, 17, 1, 1, 10, 10, 0, 18, 18, 10, 12, 10, 10, 10, 12, 10, 10, 10, 10, 10, 5, 5, 13, 13, 13, 13, 13, 13, 1, 19, 0, 7, 5, 5, 10, 13, 2, 0, 0, 10, 10, 5, 10, 5, 8, 8, 2, 10, 2, 5, 5, 5, 8, 8, 8, 5, 0, 0, 0, 19, 17, 0, 15, 0, 10, 10, 7, 19, 12, 2, 8, 5, 5, 5, 8, 4, 12, 10, 10, 8, 8, 1, 0, 5]",[0]
"[0, 17, 1, 1, 10, 10, 0, 18, 18, 10, 12, 10, 10, 10, 12, 10, 10, 10, 10, 10, 5, 5, 13, 13, 13, 13, 13, 13, 1, 19, 0, 7, 5, 5, 10, 13, 2, 0, 0, 10, 10, 5, 10, 5, 8, 8, 2, 10, 2, 5, 5, 5, 8, 8, 8, 5, 0, 0, 0, 19, 17, 0, 15, 0, 10, 10, 7, 19, 12, 2, 8, 5, 5, 5, 8, 4, 12, 10, 10, 8, 8, 1, 0, 5]",[17]
"[0, 17, 1, 1, 10, 10, 0, 18, 18, 10, 12, 10, 10, 10, 12, 10, 10, 10, 10, 10, 5, 5, 13, 13, 13, 13, 13, 13, 1, 19, 0, 7, 5, 5, 10, 13, 2, 0, 0, 10, 10, 5, 10, 5, 8, 8, 2, 10, 2, 5, 5, 5, 8, 8, 8, 5, 0, 0, 0, 19, 17, 0, 15, 0, 10, 10, 7, 19, 12, 2, 8, 5, 5, 5, 8, 4, 12, 10, 10, 8, 8, 1, 0, 5]",[1]
"[0, 17, 1, 1, 10, 10, 0, 18, 18, 10, 12, 10, 10, 10, 12, 10, 10, 10, 10, 10, 5, 5, 13, 13, 13, 13, 13, 13, 1, 19, 0, 7, 5, 5, 10, 13, 2, 0, 0, 10, 10, 5, 10, 5, 8, 8, 2, 10, 2, 5, 5, 5, 8, 8, 8, 5, 0, 0, 0, 19, 17, 0, 15, 0, 10, 10, 7, 19, 12, 2, 8, 5, 5, 5, 8, 4, 12, 10, 10, 8, 8, 1, 0, 5]",[1]
"[10, 10, 0, 18, 18, 10, 12, 10, 10, 10, 12, 10, 10, 10, 10, 10, 5, 5, 13, 13, 13, 13, 13, 13, 1, 19, 0, 7, 5, 5, 10, 13, 2, 0, 0, 10, 10, 5, 10, 5, 8, 8, 2, 10, 2, 5, 5, 5, 8, 8, 8, 5, 0, 0, 0, 19, 17, 0, 15, 0, 10, 10, 7, 19, 12, 2, 8, 5, 5, 5, 8, 4, 12, 10, 10, 8, 8, 1, 0, 5]",[10]
"[10, 10, 0, 18, 18, 10, 12, 10, 10, 10, 12, 10, 10, 10, 10, 10, 5, 5, 13, 13, 13, 13, 13, 13, 1, 19, 0, 7, 5, 5, 10, 13, 2, 0, 0, 10, 10, 5, 10, 5, 8, 8, 2, 10, 2, 5, 5, 5, 8, 8, 8, 5, 0, 0, 0, 19, 17, 0, 15, 0, 10, 10, 7, 19, 12, 2, 8, 5, 5, 5, 8, 4, 12, 10, 10, 8, 8, 1, 0, 5]",[10]
"[10, 10, 0, 18, 18, 10, 12, 10, 10, 10, 12, 10, 10, 10, 10, 10, 5, 5, 13, 13, 13, 13, 13, 13, 1, 19, 0, 7, 5, 5, 10, 13, 2, 0, 0, 10, 10, 5, 10, 5, 8, 8, 2, 10, 2, 5, 5, 5, 8, 8, 8, 5, 0, 0, 0, 19, 17, 0, 15, 0, 10, 10, 7, 19, 12, 2, 8, 5, 5, 5, 8, 4, 12, 10, 10, 8, 8, 1, 0, 5]",[0]
"[10, 10, 0, 18, 18, 10, 12, 10, 10, 10, 12, 10, 10, 10, 10, 10, 5, 5, 13, 13, 13, 13, 13, 13, 1, 19, 0, 7, 5, 5, 10, 13, 2, 0, 0, 10, 10, 5, 10, 5, 8, 8, 2, 10, 2, 5, 5, 5, 8, 8, 8, 5, 0, 0, 0, 19, 17, 0, 15, 0, 10, 10, 7, 19, 12, 2, 8, 5, 5, 5, 8, 4, 12, 10, 10, 8, 8, 1, 0, 5]",[18]
"[10, 10, 0, 18, 18, 10, 12, 10, 10, 10, 12, 10, 10, 10, 10, 10, 5, 5, 13, 13, 13, 13, 13, 13, 1, 19, 0, 7, 5, 5, 10, 13, 2, 0, 0, 10, 10, 5, 10, 5, 8, 8, 2, 10, 2, 5, 5, 5, 8, 8, 8, 5, 0, 0, 0, 19, 17, 0, 15, 0, 10, 10, 7, 19, 12, 2, 8, 5, 5, 5, 8, 4, 12, 10, 10, 8, 8, 1, 0, 5]",[18]
"[10, 12, 10, 10, 10, 12, 10, 10, 10, 10, 10, 5, 5, 13, 13, 13, 13, 13, 13, 1, 19, 0, 7, 5, 5, 10, 13, 2, 0, 0, 10, 10, 5, 10, 5, 8, 8, 2, 10, 2, 5, 5, 5, 8, 8, 8, 5, 0, 0, 0, 19, 17, 0, 15, 0, 10, 10, 7, 19, 12, 2, 8, 5, 5, 5, 8, 4, 12, 10, 10, 8, 8, 1, 0, 5]",[10]
"[10, 12, 10, 10, 10, 12, 10, 10, 10, 10, 10, 5, 5, 13, 13, 13, 13, 13, 13, 1, 19, 0, 7, 5, 5, 10, 13, 2, 0, 0, 10, 10, 5, 10, 5, 8, 8, 2, 10, 2, 5, 5, 5, 8, 8, 8, 5, 0, 0, 0, 19, 17, 0, 15, 0, 10, 10, 7, 19, 12, 2, 8, 5, 5, 5, 8, 4, 12, 10, 10, 8, 8, 1, 0, 5]",[12]
"[10, 12, 10, 10, 10, 12, 10, 10, 10, 10, 10, 5, 5, 13, 13, 13, 13, 13, 13, 1, 19, 0, 7, 5, 5, 10, 13, 2, 0, 0, 10, 10, 5, 10, 5, 8, 8, 2, 10, 2, 5, 5, 5, 8, 8, 8, 5, 0, 0, 0, 19, 17, 0, 15, 0, 10, 10, 7, 19, 12, 2, 8, 5, 5, 5, 8, 4, 12, 10, 10, 8, 8, 1, 0, 5]",[10]
"[10, 12, 10, 10, 10, 12, 10, 10, 10, 10, 10, 5, 5, 13, 13, 13, 13, 13, 13, 1, 19, 0, 7, 5, 5, 10, 13, 2, 0, 0, 10, 10, 5, 10, 5, 8, 8, 2, 10, 2, 5, 5, 5, 8, 8, 8, 5, 0, 0, 0, 19, 17, 0, 15, 0, 10, 10, 7, 19, 12, 2, 8, 5, 5, 5, 8, 4, 12, 10, 10, 8, 8, 1, 0, 5]",[10]
"[10, 12, 10, 10, 10, 12, 10, 10, 10, 10, 10, 5, 5, 13, 13, 13, 13, 13, 13, 1, 19, 0, 7, 5, 5, 10, 13, 2, 0, 0, 10, 10, 5, 10, 5, 8, 8, 2, 10, 2, 5, 5, 5, 8, 8, 8, 5, 0, 0, 0, 19, 17, 0, 15, 0, 10, 10, 7, 19, 12, 2, 8, 5, 5, 5, 8, 4, 12, 10, 10, 8, 8, 1, 0, 5]",[10]
"[10, 12, 10, 10, 10, 12, 10, 10, 10, 10, 10, 5, 5, 13, 13, 13, 13, 13, 13, 1, 19, 0, 7, 5, 5, 10, 13, 2, 0, 0, 10, 10, 5, 10, 5, 8, 8, 2, 10, 2, 5, 5, 5, 8, 8, 8, 5, 0, 0, 0, 19, 17, 0, 15, 0, 10, 10, 7, 19, 12, 2, 8, 5, 5, 5, 8, 4, 12, 10, 10, 8, 8, 1, 0, 5]",[12]
"[10, 12, 10, 10, 10, 12, 10, 10, 10, 10, 10, 5, 5, 13, 13, 13, 13, 13, 13, 1, 19, 0, 7, 5, 5, 10, 13, 2, 0, 0, 10, 10, 5, 10, 5, 8, 8, 2, 10, 2, 5, 5, 5, 8, 8, 8, 5, 0, 0, 0, 19, 17, 0, 15, 0, 10, 10, 7, 19, 12, 2, 8, 5, 5, 5, 8, 4, 12, 10, 10, 8, 8, 1, 0, 5]",[10]
"[10, 12, 10, 10, 10, 12, 10, 10, 10, 10, 10, 5, 5, 13, 13, 13, 13, 13, 13, 1, 19, 0, 7, 5, 5, 10, 13, 2, 0, 0, 10, 10, 5, 10, 5, 8, 8, 2, 10, 2, 5, 5, 5, 8, 8, 8, 5, 0, 0, 0, 19, 17, 0, 15, 0, 10, 10, 7, 19, 12, 2, 8, 5, 5, 5, 8, 4, 12, 10, 10, 8, 8, 1, 0, 5]",[10]
"[10, 12, 10, 10, 10, 12, 10, 10, 10, 10, 10, 5, 5, 13, 13, 13, 13, 13, 13, 1, 19, 0, 7, 5, 5, 10, 13, 2, 0, 0, 10, 10, 5, 10, 5, 8, 8, 2, 10, 2, 5, 5, 5, 8, 8, 8, 5, 0, 0, 0, 19, 17, 0, 15, 0, 10, 10, 7, 19, 12, 2, 8, 5, 5, 5, 8, 4, 12, 10, 10, 8, 8, 1, 0, 5]",[10]
"[10, 12, 10, 10, 10, 12, 10, 10, 10, 10, 10, 5, 5, 13, 13, 13, 13, 13, 13, 1, 19, 0, 7, 5, 5, 10, 13, 2, 0, 0, 10, 10, 5, 10, 5, 8, 8, 2, 10, 2, 5, 5, 5, 8, 8, 8, 5, 0, 0, 0, 19, 17, 0, 15, 0, 10, 10, 7, 19, 12, 2, 8, 5, 5, 5, 8, 4, 12, 10, 10, 8, 8, 1, 0, 5]",[10]
"[10, 12, 10, 10, 10, 12, 10, 10, 10, 10, 10, 5, 5, 13, 13, 13, 13, 13, 13, 1, 19, 0, 7, 5, 5, 10, 13, 2, 0, 0, 10, 10, 5, 10, 5, 8, 8, 2, 10, 2, 5, 5, 5, 8, 8, 8, 5, 0, 0, 0, 19, 17, 0, 15, 0, 10, 10, 7, 19, 12, 2, 8, 5, 5, 5, 8, 4, 12, 10, 10, 8, 8, 1, 0, 5]",[10]
"[5, 5, 13, 13, 13, 13, 13, 13, 1, 19, 0, 7, 5, 5, 10, 13, 13, 2, 0, 0, 10, 10, 5, 10, 5, 8, 8, 2, 10, 2, 17, 5, 5, 5, 5, 8, 8, 8, 5, 0, 0, 0, 19, 17, 0, 15, 0, 10, 10, 7, 19, 12, 12, 2, 8, 5, 5, 13, 13, 5, 4, 8, 2, 2, 4, 12, 10, 10, 5, 8, 8, 1, 0, 5, 0]",[5]
"[5, 5, 13, 13, 13, 13, 13, 13, 1, 19, 0, 7, 5, 5, 10, 13, 13, 2, 0, 0, 10, 10, 5, 10, 5, 8, 8, 2, 10, 2, 17, 5, 5, 5, 5, 8, 8, 8, 5, 0, 0, 0, 19, 17, 0, 15, 0, 10, 10, 7, 19, 12, 12, 2, 8, 5, 5, 13, 13, 5, 4, 8, 2, 2, 4, 12, 10, 10, 5, 8, 8, 1, 0, 5, 0]",[5]
"[5, 5, 13, 13, 13, 13, 13, 13, 1, 19, 0, 7, 5, 5, 10, 13, 13, 2, 0, 0, 10, 10, 5, 10, 5, 8, 8, 2, 10, 2, 17, 5, 5, 5, 5, 8, 8, 8, 5, 0, 0, 0, 19, 17, 0, 15, 0, 10, 10, 7, 19, 12, 12, 2, 8, 5, 5, 13, 13, 5, 4, 8, 2, 2, 4, 12, 10, 10, 5, 8, 8, 1, 0, 5, 0]",[13]
"[5, 5, 13, 13, 13, 13, 13, 13, 1, 19, 0, 7, 5, 5, 10, 13, 13, 2, 0, 0, 10, 10, 5, 10, 5, 8, 8, 2, 10, 2, 17, 5, 5, 5, 5, 8, 8, 8, 5, 0, 0, 0, 19, 17, 0, 15, 0, 10, 10, 7, 19, 12, 12, 2, 8, 5, 5, 13, 13, 5, 4, 8, 2, 2, 4, 12, 10, 10, 5, 8, 8, 1, 0, 5, 0]",[13]
"[13, 13, 13, 13, 1, 19, 0, 7, 5, 5, 10, 13, 13, 8, 2, 0, 0, 10, 10, 5, 10, 5, 8, 8, 2, 10, 2, 17, 5, 5, 5, 5, 8, 8, 8, 5, 0, 0, 0, 19, 17, 0, 15, 0, 10, 10, 7, 19, 12, 12, 2, 8, 5, 5, 13, 13, 5, 4, 8, 2, 2, 4, 12, 10, 10, 5, 8, 8, 1, 0, 5, 0]",[13]
"[13, 13, 13, 13, 1, 19, 0, 7, 5, 5, 10, 13, 13, 8, 2, 0, 0, 10, 10, 5, 10, 5, 8, 8, 2, 10, 2, 17, 5, 5, 5, 5, 8, 8, 8, 5, 0, 0, 0, 19, 17, 0, 15, 0, 10, 10, 7, 19, 12, 12, 2, 8, 5, 5, 13, 13, 5, 4, 8, 2, 2, 4, 12, 10, 10, 5, 8, 8, 1, 0, 5, 0]",[13]
"[13, 13, 13, 13, 1, 19, 0, 7, 5, 5, 10, 13, 13, 8, 2, 0, 0, 10, 10, 5, 10, 5, 8, 8, 2, 10, 2, 17, 5, 5, 5, 5, 8, 8, 8, 5, 0, 0, 0, 19, 17, 0, 15, 0, 10, 10, 7, 19, 12, 12, 2, 8, 5, 5, 13, 13, 5, 4, 8, 2, 2, 4, 12, 10, 10, 5, 8, 8, 1, 0, 5, 0]",[13]
"[13, 1, 19, 0, 7, 5, 5, 10, 10, 10, 13, 13, 8, 2, 2, 0, 0, 10, 10, 5, 10, 5, 8, 8, 2, 2, 10, 2, 17, 5, 5, 5, 5, 8, 8, 8, 8, 8, 5, 0, 0, 0, 19, 17, 17, 0, 15, 0, 10, 10, 10, 10, 7, 19, 12, 12, 12, 2, 13, 10, 8, 5, 5, 13, 13, 13, 5, 4, 4, 8, 8, 2, 2, 2, 2, 4, 4, 4, 12, 5, 10, 10, 10, 4, 4, 5, 11, 5, 8, 8, 0, 1, 13, 13, 0, 0, 5, 19, 0, 8]",[13]
"[1, 19, 0, 7, 5, 5, 10, 10, 10, 13, 13, 8, 2, 2, 0, 0, 10, 10, 5, 10, 5, 8, 8, 2, 2, 10, 2, 2, 17, 5, 5, 5, 5, 8, 8, 8, 8, 8, 5, 0, 0, 0, 19, 17, 17, 0, 15, 0, 10, 10, 10, 10, 7, 7, 19, 12, 12, 12, 12, 2, 13, 10, 8, 5, 5, 13, 13, 13, 13, 5, 4, 4, 8, 8, 2, 2, 2, 2, 2, 4, 4, 4, 2, 12, 5, 10, 10, 10, 4, 4, 5, 11, 5, 8, 8, 0, 2, 1, 13, 13, 0, 0, 5, 19, 0, 8]",[1]
"[1, 19, 0, 7, 5, 5, 10, 10, 10, 13, 13, 8, 2, 2, 0, 0, 10, 10, 5, 10, 5, 8, 8, 2, 2, 10, 2, 2, 17, 5, 5, 5, 5, 8, 8, 8, 8, 8, 5, 0, 0, 0, 19, 17, 17, 0, 15, 0, 10, 10, 10, 10, 7, 7, 19, 12, 12, 12, 12, 2, 13, 10, 8, 5, 5, 13, 13, 13, 13, 5, 4, 4, 8, 8, 2, 2, 2, 2, 2, 4, 4, 4, 2, 12, 5, 10, 10, 10, 4, 4, 5, 11, 5, 8, 8, 0, 2, 1, 13, 13, 0, 0, 5, 19, 0, 8]",[19]
"[0, 7, 5, 5, 10, 10, 10, 13, 13, 8, 2, 2, 0, 0, 10, 10, 5, 10, 5, 8, 8, 2, 2, 10, 2, 2, 17, 5, 5, 5, 5, 8, 8, 8, 8, 8, 5, 0, 0, 0, 19, 17, 17, 0, 15, 0, 10, 10, 10, 10, 7, 7, 19, 12, 12, 12, 12, 2, 13, 10, 8, 5, 5, 13, 13, 13, 13, 5, 4, 4, 8, 8, 2, 2, 2, 2, 2, 4, 4, 4, 2, 12, 5, 10, 10, 10, 4, 4, 5, 11, 5, 8, 8, 0, 2, 1, 13, 13, 0, 0, 5, 19, 0, 8]",[0]
"[0, 7, 5, 5, 10, 10, 10, 13, 13, 8, 2, 2, 0, 0, 10, 10, 5, 10, 5, 8, 8, 2, 2, 10, 2, 2, 17, 5, 5, 5, 5, 8, 8, 8, 8, 8, 5, 0, 0, 0, 19, 17, 17, 0, 15, 0, 10, 10, 10, 10, 7, 7, 19, 12, 12, 12, 12, 2, 13, 10, 8, 5, 5, 13, 13, 13, 13, 5, 4, 4, 8, 8, 2, 2, 2, 2, 2, 4, 4, 4, 2, 12, 5, 10, 10, 10, 4, 4, 5, 11, 5, 8, 8, 0, 2, 1, 13, 13, 0, 0, 5, 19, 0, 8]",[7]
"[5, 5, 10, 10, 10, 13, 13, 8, 2, 2, 0, 0, 10, 10, 5, 10, 5, 8, 8, 2, 2, 10, 2, 2, 17, 5, 5, 5, 5, 8, 8, 8, 8, 8, 0, 5, 0, 0, 0, 19, 17, 17, 0, 15, 0, 10, 10, 10, 10, 7, 7, 19, 12, 12, 12, 12, 2, 13, 10, 8, 5, 5, 13, 13, 13, 13, 5, 4, 4, 8, 8, 2, 2, 2, 2, 2, 2, 4, 4, 4, 2, 12, 5, 10, 10, 10, 4, 4, 5, 11, 5, 8, 8, 0, 0, 2, 1, 13, 13, 0, 0, 5, 5, 5, 19, 0, 8]",[5]
"[5, 5, 10, 10, 10, 13, 13, 8, 2, 2, 0, 0, 10, 10, 5, 10, 5, 8, 8, 2, 2, 10, 2, 2, 17, 5, 5, 5, 5, 8, 8, 8, 8, 8, 0, 5, 0, 0, 0, 19, 17, 17, 0, 15, 0, 10, 10, 10, 10, 7, 7, 19, 12, 12, 12, 12, 2, 13, 10, 8, 5, 5, 13, 13, 13, 13, 5, 4, 4, 8, 8, 2, 2, 2, 2, 2, 2, 4, 4, 4, 2, 12, 5, 10, 10, 10, 4, 4, 5, 11, 5, 8, 8, 0, 0, 2, 1, 13, 13, 0, 0, 5, 5, 5, 19, 0, 8]",[5]
"[10, 10, 10, 13, 13, 8, 2, 2, 0, 0, 10, 10, 5, 10, 5, 8, 8, 2, 2, 10, 2, 2, 17, 5, 5, 5, 5, 8, 8, 8, 8, 8, 0, 5, 0, 0, 0, 19, 17, 17, 0, 15, 0, 10, 10, 10, 10, 7, 7, 19, 12, 12, 12, 12, 2, 13, 10, 8, 5, 5, 13, 13, 13, 13, 5, 4, 4, 8, 8, 2, 2, 2, 2, 2, 2, 4, 4, 4, 2, 12, 5, 10, 10, 10, 4, 4, 5, 11, 5, 8, 8, 0, 0, 2, 1, 13, 13, 0, 0, 5, 5, 5, 19, 0, 8]",[10]
"[10, 10, 10, 13, 13, 8, 2, 2, 0, 0, 10, 10, 5, 10, 5, 8, 8, 2, 2, 10, 2, 2, 17, 5, 5, 5, 5, 8, 8, 8, 8, 8, 0, 5, 0, 0, 0, 19, 17, 17, 0, 15, 0, 10, 10, 10, 10, 7, 7, 19, 12, 12, 12, 12, 2, 13, 10, 8, 5, 5, 13, 13, 13, 13, 5, 4, 4, 8, 8, 2, 2, 2, 2, 2, 2, 4, 4, 4, 2, 12, 5, 10, 10, 10, 4, 4, 5, 11, 5, 8, 8, 0, 0, 2, 1, 13, 13, 0, 0, 5, 5, 5, 19, 0, 8]",[10]
"[10, 10, 10, 13, 13, 8, 2, 2, 0, 0, 10, 10, 5, 10, 5, 8, 8, 2, 2, 10, 2, 2, 17, 5, 5, 5, 5, 8, 8, 8, 8, 8, 0, 5, 0, 0, 0, 19, 17, 17, 0, 15, 0, 10, 10, 10, 10, 7, 7, 19, 12, 12, 12, 12, 2, 13, 10, 8, 5, 5, 13, 13, 13, 13, 5, 4, 4, 8, 8, 2, 2, 2, 2, 2, 2, 4, 4, 4, 2, 12, 5, 10, 10, 10, 4, 4, 5, 11, 5, 8, 8, 0, 0, 2, 1, 13, 13, 0, 0, 5, 5, 5, 19, 0, 8]",[10]
"[13, 13, 8, 2, 2, 0, 0, 10, 10, 5, 10, 5, 8, 8, 2, 2, 10, 2, 2, 17, 5, 5, 5, 5, 8, 8, 8, 8, 8, 0, 5, 0, 0, 0, 19, 17, 17, 0, 15, 0, 10, 10, 10, 10, 7, 7, 19, 12, 12, 12, 12, 2, 13, 10, 8, 5, 5, 13, 13, 13, 13, 5, 4, 4, 8, 8, 2, 2, 2, 2, 2, 2, 4, 4, 4, 2, 12, 5, 10, 10, 10, 4, 4, 5, 11, 5, 8, 8, 0, 0, 2, 1, 13, 13, 0, 0, 5, 5, 5, 19, 0, 8]",[13]
"[13, 13, 8, 2, 2, 0, 0, 10, 10, 5, 10, 5, 8, 8, 2, 2, 10, 2, 2, 17, 5, 5, 5, 5, 8, 8, 8, 8, 8, 0, 5, 0, 0, 0, 19, 17, 17, 0, 15, 0, 10, 10, 10, 10, 7, 7, 19, 12, 12, 12, 12, 2, 13, 10, 8, 5, 5, 13, 13, 13, 13, 5, 4, 4, 8, 8, 2, 2, 2, 2, 2, 2, 4, 4, 4, 2, 12, 5, 10, 10, 10, 4, 4, 5, 11, 5, 8, 8, 0, 0, 2, 1, 13, 13, 0, 0, 5, 5, 5, 19, 0, 8]",[13]
"[13, 8, 2, 2, 0, 0, 10, 10, 5, 10, 5, 8, 8, 2, 2, 2, 10, 2, 2, 17, 17, 5, 5, 5, 5, 5, 5, 8, 8, 8, 8, 8, 8, 0, 4, 5, 0, 0, 0, 19, 17, 17, 0, 15, 0, 5, 10, 10, 10, 10, 10, 7, 10, 7, 7, 7, 19, 12, 12, 12, 12, 2, 13, 10, 8, 5, 5, 5, 5, 13, 13, 13, 13, 13, 5, 4, 4, 8, 8, 2, 2, 2, 2, 2, 2, 2, 2, 2, 2, 4, 4, 4, 2, 12, 5, 10, 10, 10, 4, 4, 5, 11, 5, 8, 8, 0, 0, 2, 1, 13, 13, 0, 13, 13, 13, 4, 8, 0, 5, 5, 5, 5, 5, 8, 12, 5, 2, 19, 0, 5, 5, 8, 8, 8]",[13]
"[13, 8, 2, 2, 0, 0, 10, 10, 5, 10, 5, 8, 8, 2, 2, 2, 10, 2, 2, 17, 17, 5, 5, 5, 5, 5, 5, 8, 8, 8, 8, 8, 8, 0, 4, 5, 0, 0, 0, 19, 17, 17, 0, 15, 0, 5, 10, 10, 10, 10, 10, 7, 10, 7, 7, 7, 19, 12, 12, 12, 12, 2, 13, 10, 8, 5, 5, 5, 5, 13, 13, 13, 13, 13, 5, 4, 4, 8, 8, 2, 2, 2, 2, 2, 2, 2, 2, 2, 2, 4, 4, 4, 2, 12, 5, 10, 10, 10, 4, 4, 5, 11, 5, 8, 8, 0, 0, 2, 1, 13, 13, 0, 13, 13, 13, 4, 8, 0, 5, 5, 5, 5, 5, 8, 12, 5, 2, 19, 0, 5, 5, 8, 8, 8]",[8]
"[13, 8, 2, 2, 0, 0, 10, 10, 5, 10, 5, 8, 8, 2, 2, 2, 10, 2, 2, 17, 17, 5, 5, 5, 5, 5, 5, 8, 8, 8, 8, 8, 8, 0, 4, 5, 0, 0, 0, 19, 17, 17, 0, 15, 0, 5, 10, 10, 10, 10, 10, 7, 10, 7, 7, 7, 19, 12, 12, 12, 12, 2, 13, 10, 8, 5, 5, 5, 5, 13, 13, 13, 13, 13, 5, 4, 4, 8, 8, 2, 2, 2, 2, 2, 2, 2, 2, 2, 2, 4, 4, 4, 2, 12, 5, 10, 10, 10, 4, 4, 5, 11, 5, 8, 8, 0, 0, 2, 1, 13, 13, 0, 13, 13, 13, 4, 8, 0, 5, 5, 5, 5, 5, 8, 12, 5, 2, 19, 0, 5, 5, 8, 8, 8]",[2]
"[13, 8, 2, 2, 0, 0, 10, 10, 5, 10, 5, 8, 8, 2, 2, 2, 10, 2, 2, 17, 17, 5, 5, 5, 5, 5, 5, 8, 8, 8, 8, 8, 8, 0, 4, 5, 0, 0, 0, 19, 17, 17, 0, 15, 0, 5, 10, 10, 10, 10, 10, 7, 10, 7, 7, 7, 19, 12, 12, 12, 12, 2, 13, 10, 8, 5, 5, 5, 5, 13, 13, 13, 13, 13, 5, 4, 4, 8, 8, 2, 2, 2, 2, 2, 2, 2, 2, 2, 2, 4, 4, 4, 2, 12, 5, 10, 10, 10, 4, 4, 5, 11, 5, 8, 8, 0, 0, 2, 1, 13, 13, 0, 13, 13, 13, 4, 8, 0, 5, 5, 5, 5, 5, 8, 12, 5, 2, 19, 0, 5, 5, 8, 8, 8]",[2]
"[0, 0, 10, 10, 5, 10, 5, 8, 8, 2, 2, 2, 10, 2, 2, 17, 17, 5, 5, 5, 5, 5, 5, 8, 8, 8, 8, 8, 8, 0, 4, 5, 0, 0, 0, 19, 17, 17, 0, 15, 0, 5, 10, 10, 10, 10, 10, 7, 10, 7, 7, 7, 19, 12, 12, 12, 12, 2, 13, 10, 8, 5, 5, 5, 5, 13, 13, 13, 13, 13, 5, 4, 4, 8, 8, 13, 2, 2, 2, 2, 2, 2, 2, 2, 2, 2, 4, 4, 4, 2, 12, 5, 10, 10, 10, 4, 4, 5, 11, 5, 8, 8, 0, 0, 2, 1, 13, 13, 0, 13, 13, 13, 4, 8, 0, 5, 5, 5, 5, 5, 8, 12, 5, 2, 19, 0, 5, 5, 8, 8, 8]",[0]
"[0, 10, 10, 5, 10, 5, 8, 8, 2, 2, 2, 10, 2, 2, 17, 17, 5, 5, 5, 5, 5, 5, 8, 8, 8, 8, 8, 8, 0, 4, 5, 0, 0, 0, 19, 17, 17, 0, 15, 0, 5, 10, 10, 10, 10, 10, 7, 10, 7, 7, 7, 19, 12, 12, 12, 12, 2, 13, 10, 8, 5, 5, 5, 5, 13, 13, 13, 13, 13, 5, 4, 4, 8, 8, 13, 2, 2, 2, 2, 2, 2, 2, 2, 2, 2, 4, 4, 4, 2, 12, 5, 10, 10, 10, 4, 4, 5, 11, 5, 8, 8, 0, 0, 2, 1, 13, 13, 0, 13, 13, 13, 4, 8, 0, 5, 5, 5, 5, 5, 8, 12, 5, 2, 19, 0, 5, 5, 8, 8, 8]",[0]
"[0, 10, 10, 5, 10, 5, 8, 8, 2, 2, 2, 10, 2, 2, 17, 17, 5, 5, 5, 5, 5, 5, 8, 8, 8, 8, 8, 8, 0, 4, 5, 0, 0, 0, 19, 17, 17, 0, 15, 0, 5, 10, 10, 10, 10, 10, 7, 10, 7, 7, 7, 19, 12, 12, 12, 12, 2, 13, 10, 8, 5, 5, 5, 5, 13, 13, 13, 13, 13, 5, 4, 4, 8, 8, 13, 2, 2, 2, 2, 2, 2, 2, 2, 2, 2, 4, 4, 4, 2, 12, 5, 10, 10, 10, 4, 4, 5, 11, 5, 8, 8, 0, 0, 2, 1, 13, 13, 0, 13, 13, 13, 4, 8, 0, 5, 5, 5, 5, 5, 8, 12, 5, 2, 19, 0, 5, 5, 8, 8, 8]",[10]
"[10, 5, 10, 5, 8, 8, 2, 2, 2, 10, 2, 2, 17, 17, 5, 5, 5, 5, 5, 5, 8, 8, 8, 8, 8, 8, 0, 4, 5, 0, 0, 0, 19, 17, 17, 0, 15, 0, 5, 10, 10, 10, 10, 10, 7, 10, 7, 7, 7, 19, 12, 12, 12, 12, 2, 13, 10, 8, 5, 5, 5, 5, 13, 13, 13, 13, 13, 5, 4, 4, 8, 8, 13, 2, 2, 2, 2, 2, 2, 2, 2, 2, 2, 4, 4, 4, 2, 12, 5, 10, 10, 10, 4, 4, 5, 11, 5, 8, 8, 0, 0, 2, 1, 13, 13, 0, 13, 13, 13, 4, 8, 0, 5, 5, 5, 5, 5, 8, 12, 5, 2, 19, 0, 5, 5, 8, 8, 8]",[10]
"[10, 5, 10, 5, 8, 8, 2, 2, 2, 10, 2, 2, 17, 17, 5, 5, 5, 5, 5, 5, 8, 8, 8, 8, 8, 8, 0, 4, 5, 0, 0, 0, 19, 17, 17, 0, 15, 0, 5, 10, 10, 10, 10, 10, 7, 10, 7, 7, 7, 19, 12, 12, 12, 12, 2, 13, 10, 8, 5, 5, 5, 5, 13, 13, 13, 13, 13, 5, 4, 4, 8, 8, 13, 2, 2, 2, 2, 2, 2, 2, 2, 2, 2, 4, 4, 4, 2, 12, 5, 10, 10, 10, 4, 4, 5, 11, 5, 8, 8, 0, 0, 2, 1, 13, 13, 0, 13, 13, 13, 4, 8, 0, 5, 5, 5, 5, 5, 8, 12, 5, 2, 19, 0, 5, 5, 8, 8, 8]",[5]
"[10, 5, 10, 5, 8, 8, 2, 2, 2, 10, 2, 2, 17, 17, 5, 5, 5, 5, 5, 5, 8, 8, 8, 8, 8, 8, 0, 4, 5, 0, 0, 0, 19, 17, 17, 0, 15, 0, 5, 10, 10, 10, 10, 10, 7, 10, 7, 7, 7, 19, 12, 12, 12, 12, 2, 13, 10, 8, 5, 5, 5, 5, 13, 13, 13, 13, 13, 5, 4, 4, 8, 8, 13, 2, 2, 2, 2, 2, 2, 2, 2, 2, 2, 4, 4, 4, 2, 12, 5, 10, 10, 10, 4, 4, 5, 11, 5, 8, 8, 0, 0, 2, 1, 13, 13, 0, 13, 13, 13, 4, 8, 0, 5, 5, 5, 5, 5, 8, 12, 5, 2, 19, 0, 5, 5, 8, 8, 8]",[10]
"[5, 8, 8, 2, 2, 2, 2, 10, 2, 2, 17, 17, 5, 5, 5, 5, 5, 5, 8, 8, 8, 8, 8, 8, 0, 4, 5, 0, 0, 0, 19, 17, 17, 0, 15, 0, 5, 10, 10, 10, 10, 10, 7, 10, 7, 7, 7, 19, 12, 12, 12, 12, 2, 13, 10, 8, 5, 5, 5, 5, 13, 13, 13, 13, 13, 5, 4, 4, 8, 8, 13, 2, 2, 2, 2, 2, 2, 2, 2, 2, 2, 4, 4, 4, 2, 12, 5, 10, 10, 10, 4, 4, 5, 11, 5, 8, 8, 0, 0, 2, 1, 13, 13, 0, 13, 13, 13, 4, 8, 0, 5, 5, 5, 5, 5, 8, 12, 5, 2, 19, 0, 5, 5, 8, 8, 8]",[5]
"[5, 8, 8, 2, 2, 2, 2, 10, 2, 2, 17, 17, 5, 5, 5, 5, 5, 5, 8, 8, 8, 8, 8, 8, 0, 4, 5, 0, 0, 0, 19, 17, 17, 0, 15, 0, 5, 10, 10, 10, 10, 10, 7, 10, 7, 7, 7, 19, 12, 12, 12, 12, 2, 13, 10, 8, 5, 5, 5, 5, 13, 13, 13, 13, 13, 5, 4, 4, 8, 8, 13, 2, 2, 2, 2, 2, 2, 2, 2, 2, 2, 4, 4, 4, 2, 12, 5, 10, 10, 10, 4, 4, 5, 11, 5, 8, 8, 0, 0, 2, 1, 13, 13, 0, 13, 13, 13, 4, 8, 0, 5, 5, 5, 5, 5, 8, 12, 5, 2, 19, 0, 5, 5, 8, 8, 8]",[8]
"[5, 8, 8, 2, 2, 2, 2, 10, 2, 2, 17, 17, 5, 5, 5, 5, 5, 5, 8, 8, 8, 8, 8, 8, 0, 4, 5, 0, 0, 0, 19, 17, 17, 0, 15, 0, 5, 10, 10, 10, 10, 10, 7, 10, 7, 7, 7, 19, 12, 12, 12, 12, 2, 13, 10, 8, 5, 5, 5, 5, 13, 13, 13, 13, 13, 5, 4, 4, 8, 8, 13, 2, 2, 2, 2, 2, 2, 2, 2, 2, 2, 4, 4, 4, 2, 12, 5, 10, 10, 10, 4, 4, 5, 11, 5, 8, 8, 0, 0, 2, 1, 13, 13, 0, 13, 13, 13, 4, 8, 0, 5, 5, 5, 5, 5, 8, 12, 5, 2, 19, 0, 5, 5, 8, 8, 8]",[8]
"[2, 2, 2, 2, 2, 10, 2, 2, 17, 17, 5, 5, 5, 5, 5, 5, 8, 8, 8, 8, 8, 8, 0, 4, 5, 0, 5, 0, 0, 19, 17, 17, 0, 15, 0, 5, 10, 10, 10, 10, 10, 7, 10, 7, 7, 7, 19, 12, 12, 12, 12, 2, 13, 10, 8, 5, 5, 5, 5, 13, 13, 13, 13, 13, 5, 4, 4, 8, 8, 13, 2, 2, 2, 2, 2, 2, 2, 2, 2, 2, 4, 4, 4, 2, 12, 5, 10, 10, 10, 4, 4, 5, 11, 5, 8, 8, 0, 0, 2, 1, 13, 13, 0, 13, 13, 13, 4, 8, 0, 5, 5, 5, 5, 5, 8, 12, 5, 2, 19, 0, 5, 5, 8, 8, 8]",[2]
"[2, 2, 2, 2, 2, 10, 2, 2, 17, 17, 5, 5, 5, 5, 5, 5, 8, 8, 8, 8, 8, 8, 0, 4, 5, 0, 5, 0, 0, 19, 17, 17, 0, 15, 0, 5, 10, 10, 10, 10, 10, 7, 10, 7, 7, 7, 19, 12, 12, 12, 12, 2, 13, 10, 8, 5, 5, 5, 5, 13, 13, 13, 13, 13, 5, 4, 4, 8, 8, 13, 2, 2, 2, 2, 2, 2, 2, 2, 2, 2, 4, 4, 4, 2, 12, 5, 10, 10, 10, 4, 4, 5, 11, 5, 8, 8, 0, 0, 2, 1, 13, 13, 0, 13, 13, 13, 4, 8, 0, 5, 5, 5, 5, 5, 8, 12, 5, 2, 19, 0, 5, 5, 8, 8, 8]",[2]
"[2, 2, 2, 2, 2, 10, 2, 2, 17, 17, 5, 5, 5, 5, 5, 5, 8, 8, 8, 8, 8, 8, 0, 4, 5, 0, 5, 0, 0, 19, 17, 17, 0, 15, 0, 5, 10, 10, 10, 10, 10, 7, 10, 7, 7, 7, 19, 12, 12, 12, 12, 2, 13, 10, 8, 5, 5, 5, 5, 13, 13, 13, 13, 13, 5, 4, 4, 8, 8, 13, 2, 2, 2, 2, 2, 2, 2, 2, 2, 2, 4, 4, 4, 2, 12, 5, 10, 10, 10, 4, 4, 5, 11, 5, 8, 8, 0, 0, 2, 1, 13, 13, 0, 13, 13, 13, 4, 8, 0, 5, 5, 5, 5, 5, 8, 12, 5, 2, 19, 0, 5, 5, 8, 8, 8]",[2]
"[2, 2, 10, 2, 2, 17, 17, 5, 5, 5, 5, 5, 5, 8, 8, 8, 8, 8, 8, 0, 4, 5, 0, 5, 0, 0, 19, 17, 17, 0, 15, 0, 5, 10, 10, 10, 10, 10, 7, 10, 7, 7, 7, 19, 12, 12, 12, 12, 2, 13, 10, 8, 5, 5, 5, 5, 13, 13, 13, 13, 13, 5, 4, 4, 8, 8, 13, 2, 2, 2, 2, 2, 2, 2, 2, 2, 2, 4, 4, 4, 2, 12, 5, 10, 10, 10, 4, 4, 5, 11, 5, 8, 8, 0, 0, 2, 1, 13, 13, 0, 13, 13, 13, 4, 8, 0, 5, 5, 5, 5, 5, 8, 8, 12, 5, 2, 19, 0, 5, 5, 8, 8, 8]",[2]
"[2, 2, 10, 2, 2, 17, 17, 5, 5, 5, 5, 5, 5, 8, 8, 8, 8, 8, 8, 0, 4, 5, 0, 5, 0, 0, 19, 17, 17, 0, 15, 0, 5, 10, 10, 10, 10, 10, 7, 10, 7, 7, 7, 19, 12, 12, 12, 12, 2, 13, 10, 8, 5, 5, 5, 5, 13, 13, 13, 13, 13, 5, 4, 4, 8, 8, 13, 2, 2, 2, 2, 2, 2, 2, 2, 2, 2, 4, 4, 4, 2, 12, 5, 10, 10, 10, 4, 4, 5, 11, 5, 8, 8, 0, 0, 2, 1, 13, 13, 0, 13, 13, 13, 4, 8, 0, 5, 5, 5, 5, 5, 8, 8, 12, 5, 2, 19, 0, 5, 5, 8, 8, 8]",[2]
"[10, 2, 2, 17, 17, 5, 5, 5, 5, 5, 5, 8, 8, 8, 8, 8, 8, 8, 8, 0, 4, 5, 0, 5, 0, 0, 19, 17, 17, 0, 15, 0, 5, 10, 10, 10, 10, 10, 7, 10, 7, 7, 7, 7, 7, 19, 12, 12, 12, 12, 13, 2, 13, 10, 8, 5, 5, 5, 5, 13, 13, 13, 13, 13, 5, 4, 4, 4, 8, 8, 13, 2, 2, 2, 12, 12, 2, 2, 2, 2, 2, 2, 2, 4, 4, 2, 4, 2, 12, 5, 10, 10, 10, 4, 4, 5, 11, 5, 5, 8, 8, 0, 0, 2, 1, 13, 13, 0, 13, 13, 13, 4, 8, 0, 0, 5, 5, 5, 5, 5, 8, 8, 12, 5, 12, 2, 19, 0, 5, 5, 8, 8, 8]",[10]
"[10, 2, 2, 17, 17, 5, 5, 5, 5, 5, 5, 8, 8, 8, 8, 8, 8, 8, 8, 0, 4, 5, 0, 5, 0, 0, 19, 17, 17, 0, 15, 0, 5, 10, 10, 10, 10, 10, 7, 10, 7, 7, 7, 7, 7, 19, 12, 12, 12, 12, 13, 2, 13, 10, 8, 5, 5, 5, 5, 13, 13, 13, 13, 13, 5, 4, 4, 4, 8, 8, 13, 2, 2, 2, 12, 12, 2, 2, 2, 2, 2, 2, 2, 4, 4, 2, 4, 2, 12, 5, 10, 10, 10, 4, 4, 5, 11, 5, 5, 8, 8, 0, 0, 2, 1, 13, 13, 0, 13, 13, 13, 4, 8, 0, 0, 5, 5, 5, 5, 5, 8, 8, 12, 5, 12, 2, 19, 0, 5, 5, 8, 8, 8]",[2]
"[10, 2, 2, 17, 17, 5, 5, 5, 5, 5, 5, 8, 8, 8, 8, 8, 8, 8, 8, 0, 4, 5, 0, 5, 0, 0, 19, 17, 17, 0, 15, 0, 5, 10, 10, 10, 10, 10, 7, 10, 7, 7, 7, 7, 7, 19, 12, 12, 12, 12, 13, 2, 13, 10, 8, 5, 5, 5, 5, 13, 13, 13, 13, 13, 5, 4, 4, 4, 8, 8, 13, 2, 2, 2, 12, 12, 2, 2, 2, 2, 2, 2, 2, 4, 4, 2, 4, 2, 12, 5, 10, 10, 10, 4, 4, 5, 11, 5, 5, 8, 8, 0, 0, 2, 1, 13, 13, 0, 13, 13, 13, 4, 8, 0, 0, 5, 5, 5, 5, 5, 8, 8, 12, 5, 12, 2, 19, 0, 5, 5, 8, 8, 8]",[2]
"[17, 17, 5, 5, 5, 5, 5, 5, 8, 8, 8, 8, 8, 8, 8, 8, 0, 4, 5, 0, 5, 0, 0, 19, 17, 17, 0, 15, 0, 5, 5, 5, 10, 10, 10, 10, 10, 7, 10, 7, 7, 7, 7, 7, 19, 12, 12, 12, 12, 13, 2, 13, 10, 8, 5, 5, 5, 5, 13, 13, 13, 13, 13, 5, 4, 4, 4, 8, 8, 13, 2, 2, 2, 12, 12, 2, 2, 2, 2, 2, 2, 2, 4, 4, 2, 4, 2, 12, 5, 10, 10, 10, 4, 4, 5, 11, 5, 5, 8, 8, 0, 0, 2, 1, 13, 13, 0, 13, 13, 13, 4, 8, 0, 0, 5, 5, 5, 5, 5, 8, 8, 12, 5, 12, 2, 19, 0, 5, 5, 8, 8, 8]",[17]
"[17, 17, 5, 5, 5, 5, 5, 5, 8, 8, 8, 8, 8, 8, 8, 8, 0, 4, 5, 0, 5, 0, 0, 19, 17, 17, 0, 15, 0, 5, 5, 5, 10, 10, 10, 10, 10, 7, 10, 7, 7, 7, 7, 7, 19, 12, 12, 12, 12, 13, 2, 13, 10, 8, 5, 5, 5, 5, 13, 13, 13, 13, 13, 5, 4, 4, 4, 8, 8, 13, 2, 2, 2, 12, 12, 2, 2, 2, 2, 2, 2, 2, 4, 4, 2, 4, 2, 12, 5, 10, 10, 10, 4, 4, 5, 11, 5, 5, 8, 8, 0, 0, 2, 1, 13, 13, 0, 13, 13, 13, 4, 8, 0, 0, 5, 5, 5, 5, 5, 8, 8, 12, 5, 12, 2, 19, 0, 5, 5, 8, 8, 8]",[17]
"[5, 5, 5, 5, 5, 5, 8, 8, 8, 8, 8, 8, 8, 8, 0, 4, 5, 0, 5, 0, 0, 19, 17, 17, 0, 15, 0, 5, 5, 5, 10, 10, 10, 10, 10, 7, 10, 7, 7, 7, 7, 7, 19, 12, 12, 12, 12, 13, 2, 13, 10, 8, 5, 5, 5, 5, 13, 13, 13, 13, 13, 5, 4, 4, 4, 8, 8, 13, 2, 2, 2, 12, 12, 2, 2, 2, 2, 2, 2, 2, 4, 4, 2, 4, 2, 12, 5, 10, 10, 10, 4, 4, 5, 11, 5, 5, 8, 8, 0, 0, 2, 1, 13, 13, 0, 13, 13, 13, 4, 8, 0, 0, 5, 5, 5, 5, 5, 8, 8, 12, 5, 12, 2, 19, 0, 5, 5, 8, 8, 8]",[5]
"[5, 5, 5, 5, 5, 8, 8, 8, 8, 8, 8, 8, 8, 0, 4, 5, 0, 5, 0, 0, 19, 17, 17, 0, 15, 0, 5, 5, 5, 10, 10, 10, 10, 10, 7, 10, 7, 7, 7, 7, 7, 19, 12, 12, 12, 12, 13, 2, 13, 10, 8, 5, 5, 5, 5, 13, 13, 13, 13, 13, 5, 4, 4, 4, 8, 8, 13, 2, 2, 2, 12, 12, 2, 2, 2, 2, 2, 2, 2, 4, 4, 2, 4, 2, 12, 5, 10, 10, 10, 4, 4, 5, 11, 5, 5, 8, 8, 0, 0, 2, 1, 13, 13, 0, 13, 13, 13, 4, 8, 0, 0, 5, 5, 5, 5, 5, 8, 8, 12, 5, 12, 2, 19, 0, 5, 5, 8, 8, 8]",[5]
"[5, 5, 5, 5, 5, 8, 8, 8, 8, 8, 8, 8, 8, 0, 4, 5, 0, 5, 0, 0, 19, 17, 17, 0, 15, 0, 5, 5, 5, 10, 10, 10, 10, 10, 7, 10, 7, 7, 7, 7, 7, 19, 12, 12, 12, 12, 13, 2, 13, 10, 8, 5, 5, 5, 5, 13, 13, 13, 13, 13, 5, 4, 4, 4, 8, 8, 13, 2, 2, 2, 12, 12, 2, 2, 2, 2, 2, 2, 2, 4, 4, 2, 4, 2, 12, 5, 10, 10, 10, 4, 4, 5, 11, 5, 5, 8, 8, 0, 0, 2, 1, 13, 13, 0, 13, 13, 13, 4, 8, 0, 0, 5, 5, 5, 5, 5, 8, 8, 12, 5, 12, 2, 19, 0, 5, 5, 8, 8, 8]",[5]
"[5, 5, 5, 5, 5, 8, 8, 8, 8, 8, 8, 8, 8, 0, 4, 5, 0, 5, 0, 0, 19, 17, 17, 0, 15, 0, 5, 5, 5, 10, 10, 10, 10, 10, 7, 10, 7, 7, 7, 7, 7, 19, 12, 12, 12, 12, 13, 2, 13, 10, 8, 5, 5, 5, 5, 13, 13, 13, 13, 13, 5, 4, 4, 4, 8, 8, 13, 2, 2, 2, 12, 12, 2, 2, 2, 2, 2, 2, 2, 4, 4, 2, 4, 2, 12, 5, 10, 10, 10, 4, 4, 5, 11, 5, 5, 8, 8, 0, 0, 2, 1, 13, 13, 0, 13, 13, 13, 4, 8, 0, 0, 5, 5, 5, 5, 5, 8, 8, 12, 5, 12, 2, 19, 0, 5, 5, 8, 8, 8]",[5]
"[5, 5, 5, 5, 5, 8, 8, 8, 8, 8, 8, 8, 8, 0, 4, 5, 0, 5, 0, 0, 19, 17, 17, 0, 15, 0, 5, 5, 5, 10, 10, 10, 10, 10, 7, 10, 7, 7, 7, 7, 7, 19, 12, 12, 12, 12, 13, 2, 13, 10, 8, 5, 5, 5, 5, 13, 13, 13, 13, 13, 5, 4, 4, 4, 8, 8, 13, 2, 2, 2, 12, 12, 2, 2, 2, 2, 2, 2, 2, 4, 4, 2, 4, 2, 12, 5, 10, 10, 10, 4, 4, 5, 11, 5, 5, 8, 8, 0, 0, 2, 1, 13, 13, 0, 13, 13, 13, 4, 8, 0, 0, 5, 5, 5, 5, 5, 8, 8, 12, 5, 12, 2, 19, 0, 5, 5, 8, 8, 8]",[5]
"[5, 5, 5, 5, 5, 8, 8, 8, 8, 8, 8, 8, 8, 0, 4, 5, 0, 5, 0, 0, 19, 17, 17, 0, 15, 0, 5, 5, 5, 10, 10, 10, 10, 10, 7, 10, 7, 7, 7, 7, 7, 19, 12, 12, 12, 12, 13, 2, 13, 10, 8, 5, 5, 5, 5, 13, 13, 13, 13, 13, 5, 4, 4, 4, 8, 8, 13, 2, 2, 2, 12, 12, 2, 2, 2, 2, 2, 2, 2, 4, 4, 2, 4, 2, 12, 5, 10, 10, 10, 4, 4, 5, 11, 5, 5, 8, 8, 0, 0, 2, 1, 13, 13, 0, 13, 13, 13, 4, 8, 0, 0, 5, 5, 5, 5, 5, 8, 8, 12, 5, 12, 2, 19, 0, 5, 5, 8, 8, 8]",[5]
"[8, 8, 8, 8, 8, 8, 8, 8, 0, 4, 5, 0, 5, 0, 0, 19, 17, 17, 0, 15, 0, 5, 5, 5, 10, 10, 10, 10, 10, 7, 10, 7, 7, 7, 7, 7, 19, 12, 12, 12, 12, 13, 2, 13, 10, 8, 5, 5, 5, 5, 13, 13, 13, 13, 13, 5, 4, 4, 4, 8, 8, 13, 2, 2, 2, 12, 12, 2, 2, 2, 2, 2, 2, 2, 4, 4, 2, 4, 2, 12, 5, 10, 10, 10, 4, 4, 5, 11, 5, 5, 8, 8, 0, 0, 2, 1, 13, 13, 0, 13, 13, 13, 4, 8, 0, 0, 5, 5, 5, 5, 5, 8, 8, 12, 5, 12, 2, 19, 0, 5, 5, 8, 8, 8]",[8]
"[8, 8, 8, 8, 8, 8, 8, 8, 0, 4, 5, 0, 5, 0, 0, 19, 17, 17, 0, 15, 0, 5, 5, 5, 10, 10, 10, 10, 10, 7, 10, 7, 7, 7, 7, 7, 19, 12, 12, 12, 12, 13, 2, 13, 10, 8, 5, 5, 5, 5, 13, 13, 13, 13, 13, 5, 4, 4, 4, 8, 8, 13, 2, 2, 2, 12, 12, 2, 2, 2, 2, 2, 2, 2, 4, 4, 2, 4, 2, 12, 5, 10, 10, 10, 4, 4, 5, 11, 5, 5, 8, 8, 0, 0, 2, 1, 13, 13, 0, 13, 13, 13, 4, 8, 0, 0, 5, 5, 5, 5, 5, 8, 8, 12, 5, 12, 2, 19, 0, 5, 5, 8, 8, 8]",[8]
"[8, 8, 8, 8, 8, 8, 8, 8, 0, 4, 5, 0, 5, 0, 0, 19, 17, 17, 0, 15, 0, 5, 5, 5, 10, 10, 10, 10, 10, 7, 10, 7, 7, 7, 7, 7, 19, 12, 12, 12, 12, 13, 2, 13, 10, 8, 5, 5, 5, 5, 13, 13, 13, 13, 13, 5, 4, 4, 4, 8, 8, 13, 2, 2, 2, 12, 12, 2, 2, 2, 2, 2, 2, 2, 4, 4, 2, 4, 2, 12, 5, 10, 10, 10, 4, 4, 5, 11, 5, 5, 8, 8, 0, 0, 2, 1, 13, 13, 0, 13, 13, 13, 4, 8, 0, 0, 5, 5, 5, 5, 5, 8, 8, 12, 5, 12, 2, 19, 0, 5, 5, 8, 8, 8]",[8]
"[8, 8, 8, 8, 8, 8, 8, 8, 0, 4, 5, 0, 5, 0, 0, 19, 17, 17, 0, 15, 0, 5, 5, 5, 10, 10, 10, 10, 10, 7, 10, 7, 7, 7, 7, 7, 19, 12, 12, 12, 12, 13, 2, 13, 10, 8, 5, 5, 5, 5, 13, 13, 13, 13, 13, 5, 4, 4, 4, 8, 8, 13, 2, 2, 2, 12, 12, 2, 2, 2, 2, 2, 2, 2, 4, 4, 2, 4, 2, 12, 5, 10, 10, 10, 4, 4, 5, 11, 5, 5, 8, 8, 0, 0, 2, 1, 13, 13, 0, 13, 13, 13, 4, 8, 0, 0, 5, 5, 5, 5, 5, 8, 8, 12, 5, 12, 2, 19, 0, 5, 5, 8, 8, 8]",[8]
"[8, 8, 8, 8, 8, 8, 8, 8, 0, 4, 5, 0, 5, 0, 0, 19, 17, 17, 0, 15, 0, 5, 5, 5, 10, 10, 10, 10, 10, 7, 10, 7, 7, 7, 7, 7, 19, 12, 12, 12, 12, 13, 2, 13, 10, 8, 5, 5, 5, 5, 13, 13, 13, 13, 13, 5, 4, 4, 4, 8, 8, 13, 2, 2, 2, 12, 12, 2, 2, 2, 2, 2, 2, 2, 4, 4, 2, 4, 2, 12, 5, 10, 10, 10, 4, 4, 5, 11, 5, 5, 8, 8, 0, 0, 2, 1, 13, 13, 0, 13, 13, 13, 4, 8, 0, 0, 5, 5, 5, 5, 5, 8, 8, 12, 5, 12, 2, 19, 0, 5, 5, 8, 8, 8]",[8]
"[8, 8, 8, 8, 8, 8, 8, 8, 0, 4, 5, 0, 5, 0, 0, 19, 17, 17, 0, 15, 0, 5, 5, 5, 10, 10, 10, 10, 10, 7, 10, 7, 7, 7, 7, 7, 19, 12, 12, 12, 12, 13, 2, 13, 10, 8, 5, 5, 5, 5, 13, 13, 13, 13, 13, 5, 4, 4, 4, 8, 8, 13, 2, 2, 2, 12, 12, 2, 2, 2, 2, 2, 2, 2, 4, 4, 2, 4, 2, 12, 5, 10, 10, 10, 4, 4, 5, 11, 5, 5, 8, 8, 0, 0, 2, 1, 13, 13, 0, 13, 13, 13, 4, 8, 0, 0, 5, 5, 5, 5, 5, 8, 8, 12, 5, 12, 2, 19, 0, 5, 5, 8, 8, 8]",[8]
"[8, 8, 8, 8, 8, 8, 8, 8, 0, 4, 5, 0, 5, 0, 0, 19, 17, 17, 0, 15, 0, 5, 5, 5, 10, 10, 10, 10, 10, 7, 10, 7, 7, 7, 7, 7, 19, 12, 12, 12, 12, 13, 2, 13, 10, 8, 5, 5, 5, 5, 13, 13, 13, 13, 13, 5, 4, 4, 4, 8, 8, 13, 2, 2, 2, 12, 12, 2, 2, 2, 2, 2, 2, 2, 4, 4, 2, 4, 2, 12, 5, 10, 10, 10, 4, 4, 5, 11, 5, 5, 8, 8, 0, 0, 2, 1, 13, 13, 0, 13, 13, 13, 4, 8, 0, 0, 5, 5, 5, 5, 5, 8, 8, 12, 5, 12, 2, 19, 0, 5, 5, 8, 8, 8]",[8]
"[8, 8, 8, 8, 8, 8, 8, 8, 0, 4, 5, 0, 5, 0, 0, 19, 17, 17, 0, 15, 0, 5, 5, 5, 10, 10, 10, 10, 10, 7, 10, 7, 7, 7, 7, 7, 19, 12, 12, 12, 12, 13, 2, 13, 10, 8, 5, 5, 5, 5, 13, 13, 13, 13, 13, 5, 4, 4, 4, 8, 8, 13, 2, 2, 2, 12, 12, 2, 2, 2, 2, 2, 2, 2, 4, 4, 2, 4, 2, 12, 5, 10, 10, 10, 4, 4, 5, 11, 5, 5, 8, 8, 0, 0, 2, 1, 13, 13, 0, 13, 13, 13, 4, 8, 0, 0, 5, 5, 5, 5, 5, 8, 8, 12, 5, 12, 2, 19, 0, 5, 5, 8, 8, 8]",[8]
"[0, 17, 4, 5, 5, 0, 5, 10, 0, 0, 19, 17, 17, 0, 15, 0, 5, 5, 5, 10, 10, 10, 10, 10, 7, 10, 7, 7, 7, 7, 7, 19, 12, 12, 12, 12, 13, 2, 13, 10, 8, 5, 5, 5, 5, 13, 13, 13, 13, 13, 5, 4, 4, 4, 8, 8, 13, 2, 2, 2, 12, 12, 2, 2, 2, 2, 2, 2, 2, 4, 4, 2, 4, 2, 12, 5, 10, 10, 10, 4, 4, 5, 11, 5, 5, 8, 8, 0, 0, 2, 1, 13, 13, 0, 13, 13, 13, 4, 8, 0, 0, 5, 5, 5, 5, 5, 8, 8, 12, 5, 12, 2, 19, 0, 5, 5, 8, 8, 8]",[0]
"[0, 17, 4, 5, 5, 0, 5, 10, 0, 0, 19, 17, 17, 0, 15, 0, 5, 5, 5, 10, 10, 10, 10, 10, 7, 10, 7, 7, 7, 7, 7, 19, 12, 12, 12, 12, 13, 2, 13, 10, 8, 5, 5, 5, 5, 13, 13, 13, 13, 13, 5, 4, 4, 4, 8, 8, 13, 2, 2, 2, 12, 12, 2, 2, 2, 2, 2, 2, 2, 4, 4, 2, 4, 2, 12, 5, 10, 10, 10, 4, 4, 5, 11, 5, 5, 8, 8, 0, 0, 2, 1, 13, 13, 0, 13, 13, 13, 4, 8, 0, 0, 5, 5, 5, 5, 5, 8, 8, 12, 5, 12, 2, 19, 0, 5, 5, 8, 8, 8]",[17]
"[0, 17, 4, 5, 5, 0, 5, 10, 0, 0, 19, 17, 17, 0, 15, 0, 5, 5, 5, 10, 10, 10, 10, 10, 7, 10, 7, 7, 7, 7, 7, 19, 12, 12, 12, 12, 13, 2, 13, 10, 8, 5, 5, 5, 5, 13, 13, 13, 13, 13, 5, 4, 4, 4, 8, 8, 13, 2, 2, 2, 12, 12, 2, 2, 2, 2, 2, 2, 2, 4, 4, 2, 4, 2, 12, 5, 10, 10, 10, 4, 4, 5, 11, 5, 5, 8, 8, 0, 0, 2, 1, 13, 13, 0, 13, 13, 13, 4, 8, 0, 0, 5, 5, 5, 5, 5, 8, 8, 12, 5, 12, 2, 19, 0, 5, 5, 8, 8, 8]",[4]
"[5, 5, 0, 5, 10, 0, 0, 19, 17, 17, 0, 15, 0, 5, 5, 5, 10, 10, 10, 10, 10, 0, 7, 10, 7, 7, 7, 7, 7, 19, 12, 12, 12, 12, 13, 2, 13, 10, 8, 5, 5, 5, 5, 13, 13, 13, 13, 13, 5, 4, 4, 4, 8, 8, 13, 2, 2, 2, 12, 12, 2, 2, 2, 2, 2, 2, 2, 4, 4, 2, 4, 2, 12, 5, 10, 10, 10, 4, 4, 5, 11, 5, 5, 8, 8, 0, 0, 2, 1, 13, 13, 0, 13, 13, 13, 4, 8, 0, 0, 5, 5, 5, 5, 5, 8, 8, 12, 5, 12, 2, 19, 0, 5, 5, 8, 8, 8]",[5]
"[5, 5, 0, 5, 10, 0, 0, 19, 17, 17, 0, 15, 0, 5, 5, 5, 10, 10, 10, 10, 10, 0, 7, 10, 7, 7, 7, 7, 7, 19, 12, 12, 12, 12, 13, 2, 13, 10, 8, 5, 5, 5, 5, 13, 13, 13, 13, 13, 5, 4, 4, 4, 8, 8, 13, 2, 2, 2, 12, 12, 2, 2, 2, 2, 2, 2, 2, 4, 4, 2, 4, 2, 12, 5, 10, 10, 10, 4, 4, 5, 11, 5, 5, 8, 8, 0, 0, 2, 1, 13, 13, 0, 13, 13, 13, 4, 8, 0, 0, 5, 5, 5, 5, 5, 8, 8, 12, 5, 12, 2, 19, 0, 5, 5, 8, 8, 8]",[5]
"[5, 5, 0, 5, 10, 0, 0, 19, 17, 17, 0, 15, 0, 5, 5, 5, 10, 10, 10, 10, 10, 0, 7, 10, 7, 7, 7, 7, 7, 19, 12, 12, 12, 12, 13, 2, 13, 10, 8, 5, 5, 5, 5, 13, 13, 13, 13, 13, 5, 4, 4, 4, 8, 8, 13, 2, 2, 2, 12, 12, 2, 2, 2, 2, 2, 2, 2, 4, 4, 2, 4, 2, 12, 5, 10, 10, 10, 4, 4, 5, 11, 5, 5, 8, 8, 0, 0, 2, 1, 13, 13, 0, 13, 13, 13, 4, 8, 0, 0, 5, 5, 5, 5, 5, 8, 8, 12, 5, 12, 2, 19, 0, 5, 5, 8, 8, 8]",[0]
"[5, 5, 0, 5, 10, 0, 0, 19, 17, 17, 0, 15, 0, 5, 5, 5, 10, 10, 10, 10, 10, 0, 7, 10, 7, 7, 7, 7, 7, 19, 12, 12, 12, 12, 13, 2, 13, 10, 8, 5, 5, 5, 5, 13, 13, 13, 13, 13, 5, 4, 4, 4, 8, 8, 13, 2, 2, 2, 12, 12, 2, 2, 2, 2, 2, 2, 2, 4, 4, 2, 4, 2, 12, 5, 10, 10, 10, 4, 4, 5, 11, 5, 5, 8, 8, 0, 0, 2, 1, 13, 13, 0, 13, 13, 13, 4, 8, 0, 0, 5, 5, 5, 5, 5, 8, 8, 12, 5, 12, 2, 19, 0, 5, 5, 8, 8, 8]",[5]
"[5, 5, 0, 5, 10, 0, 0, 19, 17, 17, 0, 15, 0, 5, 5, 5, 10, 10, 10, 10, 10, 0, 7, 10, 7, 7, 7, 7, 7, 19, 12, 12, 12, 12, 13, 2, 13, 10, 8, 5, 5, 5, 5, 13, 13, 13, 13, 13, 5, 4, 4, 4, 8, 8, 13, 2, 2, 2, 12, 12, 2, 2, 2, 2, 2, 2, 2, 4, 4, 2, 4, 2, 12, 5, 10, 10, 10, 4, 4, 5, 11, 5, 5, 8, 8, 0, 0, 2, 1, 13, 13, 0, 13, 13, 13, 4, 8, 0, 0, 5, 5, 5, 5, 5, 8, 8, 12, 5, 12, 2, 19, 0, 5, 5, 8, 8, 8]",[10]
"[5, 5, 0, 5, 10, 0, 0, 19, 17, 17, 0, 15, 0, 5, 5, 5, 10, 10, 10, 10, 10, 0, 7, 10, 7, 7, 7, 7, 7, 19, 12, 12, 12, 12, 13, 2, 13, 10, 8, 5, 5, 5, 5, 13, 13, 13, 13, 13, 5, 4, 4, 4, 8, 8, 13, 2, 2, 2, 12, 12, 2, 2, 2, 2, 2, 2, 2, 4, 4, 2, 4, 2, 12, 5, 10, 10, 10, 4, 4, 5, 11, 5, 5, 8, 8, 0, 0, 2, 1, 13, 13, 0, 13, 13, 13, 4, 8, 0, 0, 5, 5, 5, 5, 5, 8, 8, 12, 5, 12, 2, 19, 0, 5, 5, 8, 8, 8]",[0]
"[0, 19, 17, 17, 0, 15, 0, 5, 5, 5, 10, 10, 10, 10, 10, 10, 0, 7, 10, 7, 7, 7, 7, 7, 19, 12, 12, 12, 12, 13, 2, 13, 10, 8, 5, 5, 5, 5, 13, 13, 13, 5, 13, 13, 13, 5, 4, 4, 4, 8, 8, 13, 2, 2, 2, 12, 12, 2, 2, 2, 2, 2, 2, 2, 2, 2, 4, 4, 2, 4, 2, 12, 5, 10, 10, 10, 10, 5, 4, 4, 5, 11, 5, 5, 8, 8, 8, 0, 0, 2, 1, 13, 13, 13, 0, 13, 13, 13, 4, 8, 0, 0, 5, 5, 5, 5, 5, 8, 8, 12, 5, 12, 12, 2, 11, 19, 0, 5, 13, 5, 5, 8, 8, 8, 8, 8]",[0]
"[0, 19, 17, 17, 0, 15, 0, 5, 5, 5, 10, 10, 10, 10, 10, 10, 0, 7, 10, 7, 7, 7, 7, 7, 19, 12, 12, 12, 12, 13, 2, 13, 10, 8, 5, 5, 5, 5, 13, 13, 13, 5, 13, 13, 13, 5, 4, 4, 4, 8, 8, 13, 2, 2, 2, 12, 12, 2, 2, 2, 2, 2, 2, 2, 2, 2, 4, 4, 2, 4, 2, 12, 5, 10, 10, 10, 10, 5, 4, 4, 5, 11, 5, 5, 8, 8, 8, 0, 0, 2, 1, 13, 13, 13, 0, 13, 13, 13, 4, 8, 0, 0, 5, 5, 5, 5, 5, 8, 8, 12, 5, 12, 12, 2, 11, 19, 0, 5, 13, 5, 5, 8, 8, 8, 8, 8]",[19]
"[0, 19, 17, 17, 0, 15, 0, 5, 5, 5, 10, 10, 10, 10, 10, 10, 0, 7, 10, 7, 7, 7, 7, 7, 19, 12, 12, 12, 12, 13, 2, 13, 10, 8, 5, 5, 5, 5, 13, 13, 13, 5, 13, 13, 13, 5, 4, 4, 4, 8, 8, 13, 2, 2, 2, 12, 12, 2, 2, 2, 2, 2, 2, 2, 2, 2, 4, 4, 2, 4, 2, 12, 5, 10, 10, 10, 10, 5, 4, 4, 5, 11, 5, 5, 8, 8, 8, 0, 0, 2, 1, 13, 13, 13, 0, 13, 13, 13, 4, 8, 0, 0, 5, 5, 5, 5, 5, 8, 8, 12, 5, 12, 12, 2, 11, 19, 0, 5, 13, 5, 5, 8, 8, 8, 8, 8]",[17]
"[0, 19, 17, 17, 0, 15, 0, 5, 5, 5, 10, 10, 10, 10, 10, 10, 0, 7, 10, 7, 7, 7, 7, 7, 19, 12, 12, 12, 12, 13, 2, 13, 10, 8, 5, 5, 5, 5, 13, 13, 13, 5, 13, 13, 13, 5, 4, 4, 4, 8, 8, 13, 2, 2, 2, 12, 12, 2, 2, 2, 2, 2, 2, 2, 2, 2, 4, 4, 2, 4, 2, 12, 5, 10, 10, 10, 10, 5, 4, 4, 5, 11, 5, 5, 8, 8, 8, 0, 0, 2, 1, 13, 13, 13, 0, 13, 13, 13, 4, 8, 0, 0, 5, 5, 5, 5, 5, 8, 8, 12, 5, 12, 12, 2, 11, 19, 0, 5, 13, 5, 5, 8, 8, 8, 8, 8]",[17]
"[0, 19, 17, 17, 0, 15, 0, 5, 5, 5, 10, 10, 10, 10, 10, 10, 0, 7, 10, 7, 7, 7, 7, 7, 19, 12, 12, 12, 12, 13, 2, 13, 10, 8, 5, 5, 5, 5, 13, 13, 13, 5, 13, 13, 13, 5, 4, 4, 4, 8, 8, 13, 2, 2, 2, 12, 12, 2, 2, 2, 2, 2, 2, 2, 2, 2, 4, 4, 2, 4, 2, 12, 5, 10, 10, 10, 10, 5, 4, 4, 5, 11, 5, 5, 8, 8, 8, 0, 0, 2, 1, 13, 13, 13, 0, 13, 13, 13, 4, 8, 0, 0, 5, 5, 5, 5, 5, 8, 8, 12, 5, 12, 12, 2, 11, 19, 0, 5, 13, 5, 5, 8, 8, 8, 8, 8]",[0]
"[15, 0, 5, 5, 5, 10, 10, 10, 10, 10, 10, 0, 7, 10, 7, 7, 7, 7, 7, 19, 12, 12, 12, 12, 13, 2, 13, 10, 8, 5, 5, 5, 5, 13, 13, 13, 5, 13, 13, 13, 5, 4, 4, 4, 8, 8, 13, 2, 2, 2, 12, 12, 2, 2, 2, 2, 2, 2, 2, 2, 2, 4, 4, 2, 4, 2, 12, 5, 10, 10, 10, 10, 5, 4, 4, 5, 11, 5, 5, 8, 8, 8, 0, 0, 2, 1, 13, 13, 13, 0, 13, 13, 13, 4, 8, 0, 0, 5, 5, 5, 5, 5, 8, 8, 12, 5, 12, 12, 2, 11, 19, 0, 5, 13, 5, 5, 8, 8, 8, 8, 8]",[15]
"[15, 0, 5, 5, 5, 10, 10, 10, 10, 10, 10, 0, 7, 10, 7, 7, 7, 7, 7, 19, 12, 12, 12, 12, 13, 2, 13, 10, 8, 5, 5, 5, 5, 13, 13, 13, 5, 13, 13, 13, 5, 4, 4, 4, 8, 8, 13, 2, 2, 2, 12, 12, 2, 2, 2, 2, 2, 2, 2, 2, 2, 4, 4, 2, 4, 2, 12, 5, 10, 10, 10, 10, 5, 4, 4, 5, 11, 5, 5, 8, 8, 8, 0, 0, 2, 1, 13, 13, 13, 0, 13, 13, 13, 4, 8, 0, 0, 5, 5, 5, 5, 5, 8, 8, 12, 5, 12, 12, 2, 11, 19, 0, 5, 13, 5, 5, 8, 8, 8, 8, 8]",[0]
"[15, 0, 5, 5, 5, 10, 10, 10, 10, 10, 10, 0, 7, 10, 7, 7, 7, 7, 7, 19, 12, 12, 12, 12, 13, 2, 13, 10, 8, 5, 5, 5, 5, 13, 13, 13, 5, 13, 13, 13, 5, 4, 4, 4, 8, 8, 13, 2, 2, 2, 12, 12, 2, 2, 2, 2, 2, 2, 2, 2, 2, 4, 4, 2, 4, 2, 12, 5, 10, 10, 10, 10, 5, 4, 4, 5, 11, 5, 5, 8, 8, 8, 0, 0, 2, 1, 13, 13, 13, 0, 13, 13, 13, 4, 8, 0, 0, 5, 5, 5, 5, 5, 8, 8, 12, 5, 12, 12, 2, 11, 19, 0, 5, 13, 5, 5, 8, 8, 8, 8, 8]",[5]
"[15, 0, 5, 5, 5, 10, 10, 10, 10, 10, 10, 0, 7, 10, 7, 7, 7, 7, 7, 19, 12, 12, 12, 12, 13, 2, 13, 10, 8, 5, 5, 5, 5, 13, 13, 13, 5, 13, 13, 13, 5, 4, 4, 4, 8, 8, 13, 2, 2, 2, 12, 12, 2, 2, 2, 2, 2, 2, 2, 2, 2, 4, 4, 2, 4, 2, 12, 5, 10, 10, 10, 10, 5, 4, 4, 5, 11, 5, 5, 8, 8, 8, 0, 0, 2, 1, 13, 13, 13, 0, 13, 13, 13, 4, 8, 0, 0, 5, 5, 5, 5, 5, 8, 8, 12, 5, 12, 12, 2, 11, 19, 0, 5, 13, 5, 5, 8, 8, 8, 8, 8]",[5]
"[5, 10, 10, 10, 10, 10, 10, 0, 7, 10, 7, 7, 7, 7, 7, 19, 12, 12, 12, 12, 13, 2, 13, 10, 8, 5, 5, 5, 5, 13, 13, 13, 5, 13, 13, 13, 5, 4, 4, 4, 8, 8, 13, 2, 2, 2, 12, 12, 2, 2, 2, 2, 2, 2, 2, 2, 2, 4, 4, 2, 4, 2, 12, 5, 10, 10, 10, 10, 5, 4, 4, 5, 11, 5, 5, 8, 8, 8, 0, 0, 2, 1, 13, 13, 13, 0, 13, 13, 13, 4, 8, 0, 0, 5, 5, 5, 5, 5, 8, 8, 12, 5, 12, 12, 2, 11, 19, 0, 5, 13, 5, 5, 8, 8, 8, 8, 8]",[5]
"[10, 10, 10, 10, 10, 10, 0, 7, 10, 7, 7, 7, 7, 7, 19, 12, 12, 12, 12, 13, 2, 13, 10, 8, 5, 5, 5, 5, 13, 13, 13, 5, 13, 13, 13, 5, 4, 4, 4, 8, 8, 13, 2, 2, 2, 12, 12, 2, 2, 2, 2, 2, 2, 2, 2, 2, 4, 4, 2, 4, 2, 12, 5, 10, 10, 10, 10, 5, 4, 4, 5, 11, 5, 5, 8, 8, 8, 0, 0, 2, 1, 13, 13, 13, 0, 13, 13, 13, 4, 8, 0, 0, 5, 5, 5, 5, 5, 8, 8, 12, 5, 12, 12, 2, 11, 19, 0, 5, 13, 5, 5, 8, 8, 8, 8, 8]",[10]
"[10, 10, 10, 10, 10, 10, 0, 7, 10, 7, 7, 7, 7, 7, 19, 12, 12, 12, 12, 13, 2, 13, 10, 8, 5, 5, 5, 5, 13, 13, 13, 5, 13, 13, 13, 5, 4, 4, 4, 8, 8, 13, 2, 2, 2, 12, 12, 2, 2, 2, 2, 2, 2, 2, 2, 2, 4, 4, 2, 4, 2, 12, 5, 10, 10, 10, 10, 5, 4, 4, 5, 11, 5, 5, 8, 8, 8, 0, 0, 2, 1, 13, 13, 13, 0, 13, 13, 13, 4, 8, 0, 0, 5, 5, 5, 5, 5, 8, 8, 12, 5, 12, 12, 2, 11, 19, 0, 5, 13, 5, 5, 8, 8, 8, 8, 8]",[10]
"[10, 10, 10, 10, 10, 10, 0, 7, 10, 7, 7, 7, 7, 7, 19, 12, 12, 12, 12, 13, 2, 13, 10, 8, 5, 5, 5, 5, 13, 13, 13, 5, 13, 13, 13, 5, 4, 4, 4, 8, 8, 13, 2, 2, 2, 12, 12, 2, 2, 2, 2, 2, 2, 2, 2, 2, 4, 4, 2, 4, 2, 12, 5, 10, 10, 10, 10, 5, 4, 4, 5, 11, 5, 5, 8, 8, 8, 0, 0, 2, 1, 13, 13, 13, 0, 13, 13, 13, 4, 8, 0, 0, 5, 5, 5, 5, 5, 8, 8, 12, 5, 12, 12, 2, 11, 19, 0, 5, 13, 5, 5, 8, 8, 8, 8, 8]",[10]
"[10, 10, 10, 10, 10, 10, 0, 7, 10, 7, 7, 7, 7, 7, 19, 12, 12, 12, 12, 13, 2, 13, 10, 8, 5, 5, 5, 5, 13, 13, 13, 5, 13, 13, 13, 5, 4, 4, 4, 8, 8, 13, 2, 2, 2, 12, 12, 2, 2, 2, 2, 2, 2, 2, 2, 2, 4, 4, 2, 4, 2, 12, 5, 10, 10, 10, 10, 5, 4, 4, 5, 11, 5, 5, 8, 8, 8, 0, 0, 2, 1, 13, 13, 13, 0, 13, 13, 13, 4, 8, 0, 0, 5, 5, 5, 5, 5, 8, 8, 12, 5, 12, 12, 2, 11, 19, 0, 5, 13, 5, 5, 8, 8, 8, 8, 8]",[10]
"[10, 10, 10, 10, 10, 10, 0, 7, 10, 7, 7, 7, 7, 7, 19, 12, 12, 12, 12, 13, 2, 13, 10, 8, 5, 5, 5, 5, 13, 13, 13, 5, 13, 13, 13, 5, 4, 4, 4, 8, 8, 13, 2, 2, 2, 12, 12, 2, 2, 2, 2, 2, 2, 2, 2, 2, 4, 4, 2, 4, 2, 12, 5, 10, 10, 10, 10, 5, 4, 4, 5, 11, 5, 5, 8, 8, 8, 0, 0, 2, 1, 13, 13, 13, 0, 13, 13, 13, 4, 8, 0, 0, 5, 5, 5, 5, 5, 8, 8, 12, 5, 12, 12, 2, 11, 19, 0, 5, 13, 5, 5, 8, 8, 8, 8, 8]",[10]
"[10, 10, 10, 10, 10, 10, 0, 7, 10, 7, 7, 7, 7, 7, 19, 12, 12, 12, 12, 13, 2, 13, 10, 8, 5, 5, 5, 5, 13, 13, 13, 5, 13, 13, 13, 5, 4, 4, 4, 8, 8, 13, 2, 2, 2, 12, 12, 2, 2, 2, 2, 2, 2, 2, 2, 2, 4, 4, 2, 4, 2, 12, 5, 10, 10, 10, 10, 5, 4, 4, 5, 11, 5, 5, 8, 8, 8, 0, 0, 2, 1, 13, 13, 13, 0, 13, 13, 13, 4, 8, 0, 0, 5, 5, 5, 5, 5, 8, 8, 12, 5, 12, 12, 2, 11, 19, 0, 5, 13, 5, 5, 8, 8, 8, 8, 8]",[10]
"[0, 1, 7, 10, 7, 7, 7, 7, 7, 19, 12, 12, 12, 12, 13, 2, 13, 10, 8, 5, 5, 5, 5, 13, 13, 13, 5, 13, 13, 13, 5, 4, 4, 4, 8, 8, 13, 2, 2, 2, 12, 12, 2, 2, 2, 2, 2, 2, 2, 2, 2, 4, 4, 2, 4, 2, 12, 5, 10, 10, 10, 10, 5, 4, 4, 5, 11, 5, 5, 8, 8, 8, 0, 0, 2, 1, 13, 13, 13, 0, 13, 13, 13, 4, 8, 0, 0, 5, 5, 5, 5, 5, 8, 8, 12, 5, 12, 12, 2, 11, 19, 0, 5, 13, 5, 5, 8, 8, 8, 8, 8]",[0]
"[0, 1, 7, 10, 7, 7, 7, 7, 7, 19, 12, 12, 12, 12, 13, 2, 13, 10, 8, 5, 5, 5, 5, 13, 13, 13, 5, 13, 13, 13, 5, 4, 4, 4, 8, 8, 13, 2, 2, 2, 12, 12, 2, 2, 2, 2, 2, 2, 2, 2, 2, 4, 4, 2, 4, 2, 12, 5, 10, 10, 10, 10, 5, 4, 4, 5, 11, 5, 5, 8, 8, 8, 0, 0, 2, 1, 13, 13, 13, 0, 13, 13, 13, 4, 8, 0, 0, 5, 5, 5, 5, 5, 8, 8, 12, 5, 12, 12, 2, 11, 19, 0, 5, 13, 5, 5, 8, 8, 8, 8, 8]",[1]
"[7, 10, 7, 7, 7, 7, 7, 19, 12, 12, 12, 12, 13, 2, 13, 10, 8, 5, 5, 5, 5, 13, 13, 13, 5, 13, 13, 13, 5, 4, 4, 4, 8, 8, 8, 8, 13, 2, 2, 2, 12, 12, 2, 2, 2, 2, 2, 2, 2, 2, 2, 4, 4, 2, 4, 2, 12, 5, 10, 10, 10, 10, 5, 4, 4, 5, 11, 5, 5, 8, 8, 8, 0, 0, 2, 1, 13, 13, 13, 0, 13, 13, 13, 4, 8, 0, 0, 5, 5, 5, 5, 5, 8, 8, 12, 5, 12, 12, 2, 11, 19, 0, 5, 13, 5, 5, 8, 8, 8, 8, 8]",[7]
"[7, 10, 7, 7, 7, 7, 7, 19, 12, 12, 12, 12, 13, 2, 13, 10, 8, 5, 5, 5, 5, 13, 13, 13, 5, 13, 13, 13, 5, 4, 4, 4, 8, 8, 8, 8, 13, 2, 2, 2, 12, 12, 2, 2, 2, 2, 2, 2, 2, 2, 2, 4, 4, 2, 4, 2, 12, 5, 10, 10, 10, 10, 5, 4, 4, 5, 11, 5, 5, 8, 8, 8, 0, 0, 2, 1, 13, 13, 13, 0, 13, 13, 13, 4, 8, 0, 0, 5, 5, 5, 5, 5, 8, 8, 12, 5, 12, 12, 2, 11, 19, 0, 5, 13, 5, 5, 8, 8, 8, 8, 8]",[10]
"[7, 7, 7, 7, 7, 19, 12, 12, 12, 12, 13, 2, 13, 10, 8, 5, 5, 5, 5, 13, 13, 13, 5, 13, 13, 13, 5, 4, 4, 4, 8, 8, 8, 8, 13, 2, 2, 2, 12, 12, 2, 2, 2, 2, 2, 2, 2, 2, 2, 4, 4, 2, 4, 2, 12, 5, 10, 10, 10, 10, 5, 4, 4, 5, 11, 5, 5, 8, 8, 8, 0, 0, 2, 1, 13, 13, 13, 0, 13, 13, 13, 4, 8, 0, 0, 5, 5, 5, 5, 5, 8, 8, 12, 5, 5, 12, 12, 2, 11, 19, 0, 5, 13, 5, 5, 8, 8, 8, 8, 8]",[7]
"[7, 7, 7, 7, 7, 19, 12, 12, 12, 12, 13, 2, 13, 10, 8, 5, 5, 5, 5, 13, 13, 13, 5, 13, 13, 13, 5, 4, 4, 4, 8, 8, 8, 8, 13, 2, 2, 2, 12, 12, 2, 2, 2, 2, 2, 2, 2, 2, 2, 4, 4, 2, 4, 2, 12, 5, 10, 10, 10, 10, 5, 4, 4, 5, 11, 5, 5, 8, 8, 8, 0, 0, 2, 1, 13, 13, 13, 0, 13, 13, 13, 4, 8, 0, 0, 5, 5, 5, 5, 5, 8, 8, 12, 5, 5, 12, 12, 2, 11, 19, 0, 5, 13, 5, 5, 8, 8, 8, 8, 8]",[7]
"[7, 7, 7, 7, 7, 19, 12, 12, 12, 12, 13, 2, 13, 10, 8, 5, 5, 5, 5, 13, 13, 13, 5, 13, 13, 13, 5, 4, 4, 4, 8, 8, 8, 8, 13, 2, 2, 2, 12, 12, 2, 2, 2, 2, 2, 2, 2, 2, 2, 4, 4, 2, 4, 2, 12, 5, 10, 10, 10, 10, 5, 4, 4, 5, 11, 5, 5, 8, 8, 8, 0, 0, 2, 1, 13, 13, 13, 0, 13, 13, 13, 4, 8, 0, 0, 5, 5, 5, 5, 5, 8, 8, 12, 5, 5, 12, 12, 2, 11, 19, 0, 5, 13, 5, 5, 8, 8, 8, 8, 8]",[7]
"[7, 7, 7, 7, 7, 19, 12, 12, 12, 12, 13, 2, 13, 10, 8, 5, 5, 5, 5, 13, 13, 13, 5, 13, 13, 13, 5, 4, 4, 4, 8, 8, 8, 8, 13, 2, 2, 2, 12, 12, 2, 2, 2, 2, 2, 2, 2, 2, 2, 4, 4, 2, 4, 2, 12, 5, 10, 10, 10, 10, 5, 4, 4, 5, 11, 5, 5, 8, 8, 8, 0, 0, 2, 1, 13, 13, 13, 0, 13, 13, 13, 4, 8, 0, 0, 5, 5, 5, 5, 5, 8, 8, 12, 5, 5, 12, 12, 2, 11, 19, 0, 5, 13, 5, 5, 8, 8, 8, 8, 8]",[7]
"[7, 7, 7, 7, 7, 19, 12, 12, 12, 12, 13, 2, 13, 10, 8, 5, 5, 5, 5, 13, 13, 13, 5, 13, 13, 13, 5, 4, 4, 4, 8, 8, 8, 8, 13, 2, 2, 2, 12, 12, 2, 2, 2, 2, 2, 2, 2, 2, 2, 4, 4, 2, 4, 2, 12, 5, 10, 10, 10, 10, 5, 4, 4, 5, 11, 5, 5, 8, 8, 8, 0, 0, 2, 1, 13, 13, 13, 0, 13, 13, 13, 4, 8, 0, 0, 5, 5, 5, 5, 5, 8, 8, 12, 5, 5, 12, 12, 2, 11, 19, 0, 5, 13, 5, 5, 8, 8, 8, 8, 8]",[7]
"[19, 12, 12, 12, 12, 13, 2, 13, 10, 8, 5, 5, 5, 5, 13, 13, 13, 5, 13, 13, 13, 5, 4, 4, 4, 8, 8, 8, 8, 13, 2, 2, 2, 12, 12, 2, 2, 2, 2, 2, 2, 2, 2, 2, 4, 4, 2, 4, 2, 12, 5, 10, 10, 10, 10, 5, 4, 4, 5, 11, 5, 5, 8, 8, 8, 0, 0, 2, 1, 13, 13, 13, 0, 13, 13, 13, 4, 8, 0, 0, 5, 5, 5, 5, 5, 8, 8, 12, 5, 5, 12, 12, 2, 11, 19, 0, 5, 13, 5, 5, 8, 8, 8, 8, 8]",[19]
"[19, 12, 12, 12, 12, 13, 2, 13, 10, 8, 5, 5, 5, 5, 13, 13, 13, 5, 13, 13, 13, 5, 4, 4, 4, 8, 8, 8, 8, 13, 2, 2, 2, 12, 12, 2, 2, 2, 2, 2, 2, 2, 2, 2, 4, 4, 2, 4, 2, 12, 5, 10, 10, 10, 10, 5, 4, 4, 5, 11, 5, 5, 8, 8, 8, 0, 0, 2, 1, 13, 13, 13, 0, 13, 13, 13, 4, 8, 0, 0, 5, 5, 5, 5, 5, 8, 8, 12, 5, 5, 12, 12, 2, 11, 19, 0, 5, 13, 5, 5, 8, 8, 8, 8, 8]",[12]
"[19, 12, 12, 12, 12, 13, 2, 13, 10, 8, 5, 5, 5, 5, 13, 13, 13, 5, 13, 13, 13, 5, 4, 4, 4, 8, 8, 8, 8, 13, 2, 2, 2, 12, 12, 2, 2, 2, 2, 2, 2, 2, 2, 2, 4, 4, 2, 4, 2, 12, 5, 10, 10, 10, 10, 5, 4, 4, 5, 11, 5, 5, 8, 8, 8, 0, 0, 2, 1, 13, 13, 13, 0, 13, 13, 13, 4, 8, 0, 0, 5, 5, 5, 5, 5, 8, 8, 12, 5, 5, 12, 12, 2, 11, 19, 0, 5, 13, 5, 5, 8, 8, 8, 8, 8]",[12]
"[19, 12, 12, 12, 12, 13, 2, 13, 10, 8, 5, 5, 5, 5, 13, 13, 13, 5, 13, 13, 13, 5, 4, 4, 4, 8, 8, 8, 8, 13, 2, 2, 2, 12, 12, 2, 2, 2, 2, 2, 2, 2, 2, 2, 4, 4, 2, 4, 2, 12, 5, 10, 10, 10, 10, 5, 4, 4, 5, 11, 5, 5, 8, 8, 8, 0, 0, 2, 1, 13, 13, 13, 0, 13, 13, 13, 4, 8, 0, 0, 5, 5, 5, 5, 5, 8, 8, 12, 5, 5, 12, 12, 2, 11, 19, 0, 5, 13, 5, 5, 8, 8, 8, 8, 8]",[12]
"[19, 12, 12, 12, 12, 13, 2, 13, 10, 8, 5, 5, 5, 5, 13, 13, 13, 5, 13, 13, 13, 5, 4, 4, 4, 8, 8, 8, 8, 13, 2, 2, 2, 12, 12, 2, 2, 2, 2, 2, 2, 2, 2, 2, 4, 4, 2, 4, 2, 12, 5, 10, 10, 10, 10, 5, 4, 4, 5, 11, 5, 5, 8, 8, 8, 0, 0, 2, 1, 13, 13, 13, 0, 13, 13, 13, 4, 8, 0, 0, 5, 5, 5, 5, 5, 8, 8, 12, 5, 5, 12, 12, 2, 11, 19, 0, 5, 13, 5, 5, 8, 8, 8, 8, 8]",[12]
"[13, 2, 13, 10, 8, 5, 5, 5, 5, 13, 13, 13, 5, 13, 13, 13, 13, 5, 4, 4, 4, 8, 8, 8, 8, 13, 2, 2, 2, 12, 12, 2, 2, 2, 2, 2, 2, 2, 2, 2, 4, 4, 2, 4, 2, 12, 5, 10, 10, 10, 10, 5, 4, 4, 5, 11, 5, 5, 8, 8, 8, 0, 0, 2, 1, 13, 13, 13, 0, 13, 13, 13, 4, 8, 0, 0, 5, 5, 5, 5, 5, 8, 8, 12, 5, 5, 12, 12, 2, 11, 19, 0, 5, 13, 5, 5, 8, 8, 8, 8, 8]",[13]
"[13, 2, 13, 10, 8, 5, 5, 5, 5, 13, 13, 13, 5, 13, 13, 13, 13, 5, 4, 4, 4, 8, 8, 8, 8, 13, 2, 2, 2, 12, 12, 2, 2, 2, 2, 2, 2, 2, 2, 2, 4, 4, 2, 4, 2, 12, 5, 10, 10, 10, 10, 5, 4, 4, 5, 11, 5, 5, 8, 8, 8, 0, 0, 2, 1, 13, 13, 13, 0, 13, 13, 13, 4, 8, 0, 0, 5, 5, 5, 5, 5, 8, 8, 12, 5, 5, 12, 12, 2, 11, 19, 0, 5, 13, 5, 5, 8, 8, 8, 8, 8]",[2]
"[13, 2, 13, 10, 8, 5, 5, 5, 5, 13, 13, 13, 5, 13, 13, 13, 13, 5, 4, 4, 4, 8, 8, 8, 8, 13, 2, 2, 2, 12, 12, 2, 2, 2, 2, 2, 2, 2, 2, 2, 4, 4, 2, 4, 2, 12, 5, 10, 10, 10, 10, 5, 4, 4, 5, 11, 5, 5, 8, 8, 8, 0, 0, 2, 1, 13, 13, 13, 0, 13, 13, 13, 4, 8, 0, 0, 5, 5, 5, 5, 5, 8, 8, 12, 5, 5, 12, 12, 2, 11, 19, 0, 5, 13, 5, 5, 8, 8, 8, 8, 8]",[13]
"[13, 2, 13, 10, 8, 5, 5, 5, 5, 13, 13, 13, 5, 13, 13, 13, 13, 5, 4, 4, 4, 8, 8, 8, 8, 13, 2, 2, 2, 12, 12, 2, 2, 2, 2, 2, 2, 2, 2, 2, 4, 4, 2, 4, 2, 12, 5, 10, 10, 10, 10, 5, 4, 4, 5, 11, 5, 5, 8, 8, 8, 0, 0, 2, 1, 13, 13, 13, 0, 13, 13, 13, 4, 8, 0, 0, 5, 5, 5, 5, 5, 8, 8, 12, 5, 5, 12, 12, 2, 11, 19, 0, 5, 13, 5, 5, 8, 8, 8, 8, 8]",[10]
"[13, 2, 13, 10, 8, 5, 5, 5, 5, 13, 13, 13, 5, 13, 13, 13, 13, 5, 4, 4, 4, 8, 8, 8, 8, 13, 2, 2, 2, 12, 12, 2, 2, 2, 2, 2, 2, 2, 2, 2, 4, 4, 2, 4, 2, 12, 5, 10, 10, 10, 10, 5, 4, 4, 5, 11, 5, 5, 8, 8, 8, 0, 0, 2, 1, 13, 13, 13, 0, 13, 13, 13, 4, 8, 0, 0, 5, 5, 5, 5, 5, 8, 8, 12, 5, 5, 12, 12, 2, 11, 19, 0, 5, 13, 5, 5, 8, 8, 8, 8, 8]",[8]
"[5, 5, 5, 5, 13, 13, 13, 5, 13, 13, 13, 13, 5, 4, 4, 4, 8, 8, 8, 8, 13, 2, 2, 2, 12, 12, 2, 2, 2, 2, 2, 2, 2, 2, 2, 4, 4, 2, 4, 2, 12, 5, 10, 10, 10, 10, 5, 4, 4, 5, 11, 5, 5, 8, 8, 8, 0, 0, 2, 1, 13, 13, 13, 0, 13, 13, 13, 4, 8, 0, 0, 5, 5, 5, 5, 5, 8, 8, 12, 5, 5, 12, 12, 2, 11, 19, 0, 5, 13, 5, 5, 8, 8, 8, 8, 8]",[5]
"[5, 5, 5, 5, 13, 13, 13, 5, 13, 13, 13, 13, 5, 4, 4, 4, 8, 8, 8, 8, 13, 2, 2, 2, 12, 12, 2, 2, 2, 2, 2, 2, 2, 2, 2, 4, 4, 2, 4, 2, 12, 5, 10, 10, 10, 10, 5, 4, 4, 5, 11, 5, 5, 8, 8, 8, 0, 0, 2, 1, 13, 13, 13, 0, 13, 13, 13, 4, 8, 0, 0, 5, 5, 5, 5, 5, 8, 8, 12, 5, 5, 12, 12, 2, 11, 19, 0, 5, 13, 5, 5, 8, 8, 8, 8, 8]",[5]
"[5, 5, 5, 5, 13, 13, 13, 5, 13, 13, 13, 13, 5, 4, 4, 4, 8, 8, 8, 8, 13, 2, 2, 2, 12, 12, 2, 2, 2, 2, 2, 2, 2, 2, 2, 4, 4, 2, 4, 2, 12, 5, 10, 10, 10, 10, 5, 4, 4, 5, 11, 5, 5, 8, 8, 8, 0, 0, 2, 1, 13, 13, 13, 0, 13, 13, 13, 4, 8, 0, 0, 5, 5, 5, 5, 5, 8, 8, 12, 5, 5, 12, 12, 2, 11, 19, 0, 5, 13, 5, 5, 8, 8, 8, 8, 8]",[5]
"[5, 5, 5, 5, 13, 13, 13, 5, 13, 13, 13, 13, 5, 4, 4, 4, 8, 8, 8, 8, 13, 2, 2, 2, 12, 12, 2, 2, 2, 2, 2, 2, 2, 2, 2, 4, 4, 2, 4, 2, 12, 5, 10, 10, 10, 10, 5, 4, 4, 5, 11, 5, 5, 8, 8, 8, 0, 0, 2, 1, 13, 13, 13, 0, 13, 13, 13, 4, 8, 0, 0, 5, 5, 5, 5, 5, 8, 8, 12, 5, 5, 12, 12, 2, 11, 19, 0, 5, 13, 5, 5, 8, 8, 8, 8, 8]",[5]
"[5, 5, 5, 5, 13, 13, 13, 5, 13, 13, 13, 13, 5, 4, 4, 4, 8, 8, 8, 8, 13, 2, 2, 2, 12, 12, 2, 2, 2, 2, 2, 2, 2, 2, 2, 4, 4, 2, 4, 2, 12, 5, 10, 10, 10, 10, 5, 4, 4, 5, 11, 5, 5, 8, 8, 8, 0, 0, 2, 1, 13, 13, 13, 0, 13, 13, 13, 4, 8, 0, 0, 5, 5, 5, 5, 5, 8, 8, 12, 5, 5, 12, 12, 2, 11, 19, 0, 5, 13, 5, 5, 8, 8, 8, 8, 8]",[13]
"[5, 5, 5, 5, 13, 13, 13, 5, 13, 13, 13, 13, 5, 4, 4, 4, 8, 8, 8, 8, 13, 2, 2, 2, 12, 12, 2, 2, 2, 2, 2, 2, 2, 2, 2, 4, 4, 2, 4, 2, 12, 5, 10, 10, 10, 10, 5, 4, 4, 5, 11, 5, 5, 8, 8, 8, 0, 0, 2, 1, 13, 13, 13, 0, 13, 13, 13, 4, 8, 0, 0, 5, 5, 5, 5, 5, 8, 8, 12, 5, 5, 12, 12, 2, 11, 19, 0, 5, 13, 5, 5, 8, 8, 8, 8, 8]",[13]
"[5, 5, 5, 5, 13, 13, 13, 5, 13, 13, 13, 13, 5, 4, 4, 4, 8, 8, 8, 8, 13, 2, 2, 2, 12, 12, 2, 2, 2, 2, 2, 2, 2, 2, 2, 4, 4, 2, 4, 2, 12, 5, 10, 10, 10, 10, 5, 4, 4, 5, 11, 5, 5, 8, 8, 8, 0, 0, 2, 1, 13, 13, 13, 0, 13, 13, 13, 4, 8, 0, 0, 5, 5, 5, 5, 5, 8, 8, 12, 5, 5, 12, 12, 2, 11, 19, 0, 5, 13, 5, 5, 8, 8, 8, 8, 8]",[13]
"[5, 5, 5, 5, 13, 13, 13, 5, 13, 13, 13, 13, 5, 4, 4, 4, 8, 8, 8, 8, 13, 2, 2, 2, 12, 12, 2, 2, 2, 2, 2, 2, 2, 2, 2, 4, 4, 2, 4, 2, 12, 5, 10, 10, 10, 10, 5, 4, 4, 5, 11, 5, 5, 8, 8, 8, 0, 0, 2, 1, 13, 13, 13, 0, 13, 13, 13, 4, 8, 0, 0, 5, 5, 5, 5, 5, 8, 8, 12, 5, 5, 12, 12, 2, 11, 19, 0, 5, 13, 5, 5, 8, 8, 8, 8, 8]",[5]
"[5, 5, 5, 5, 13, 13, 13, 5, 13, 13, 13, 13, 5, 4, 4, 4, 8, 8, 8, 8, 13, 2, 2, 2, 12, 12, 2, 2, 2, 2, 2, 2, 2, 2, 2, 4, 4, 2, 4, 2, 12, 5, 10, 10, 10, 10, 5, 4, 4, 5, 11, 5, 5, 8, 8, 8, 0, 0, 2, 1, 13, 13, 13, 0, 13, 13, 13, 4, 8, 0, 0, 5, 5, 5, 5, 5, 8, 8, 12, 5, 5, 12, 12, 2, 11, 19, 0, 5, 13, 5, 5, 8, 8, 8, 8, 8]",[13]
"[5, 5, 5, 5, 13, 13, 13, 5, 13, 13, 13, 13, 5, 4, 4, 4, 8, 8, 8, 8, 13, 2, 2, 2, 12, 12, 2, 2, 2, 2, 2, 2, 2, 2, 2, 4, 4, 2, 4, 2, 12, 5, 10, 10, 10, 10, 5, 4, 4, 5, 11, 5, 5, 8, 8, 8, 0, 0, 2, 1, 13, 13, 13, 0, 13, 13, 13, 4, 8, 0, 0, 5, 5, 5, 5, 5, 8, 8, 12, 5, 5, 12, 12, 2, 11, 19, 0, 5, 13, 5, 5, 8, 8, 8, 8, 8]",[13]
"[5, 5, 5, 5, 13, 13, 13, 5, 13, 13, 13, 13, 5, 4, 4, 4, 8, 8, 8, 8, 13, 2, 2, 2, 12, 12, 2, 2, 2, 2, 2, 2, 2, 2, 2, 4, 4, 2, 4, 2, 12, 5, 10, 10, 10, 10, 5, 4, 4, 5, 11, 5, 5, 8, 8, 8, 0, 0, 2, 1, 13, 13, 13, 0, 13, 13, 13, 4, 8, 0, 0, 5, 5, 5, 5, 5, 8, 8, 12, 5, 5, 12, 12, 2, 11, 19, 0, 5, 13, 5, 5, 8, 8, 8, 8, 8]",[13]
"[5, 5, 5, 5, 13, 13, 13, 5, 13, 13, 13, 13, 5, 4, 4, 4, 8, 8, 8, 8, 13, 2, 2, 2, 12, 12, 2, 2, 2, 2, 2, 2, 2, 2, 2, 4, 4, 2, 4, 2, 12, 5, 10, 10, 10, 10, 5, 4, 4, 5, 11, 5, 5, 8, 8, 8, 0, 0, 2, 1, 13, 13, 13, 0, 13, 13, 13, 4, 8, 0, 0, 5, 5, 5, 5, 5, 8, 8, 12, 5, 5, 12, 12, 2, 11, 19, 0, 5, 13, 5, 5, 8, 8, 8, 8, 8]",[13]
"[5, 13, 4, 4, 4, 8, 8, 8, 8, 8, 13, 2, 2, 2, 12, 12, 2, 2, 2, 2, 2, 2, 2, 2, 2, 2, 4, 4, 2, 4, 2, 12, 5, 10, 10, 10, 10, 10, 5, 4, 4, 5, 11, 12, 5, 5, 5, 8, 8, 8, 0, 0, 2, 1, 1, 13, 13, 13, 10, 12, 12, 12, 0, 13, 13, 13, 4, 8, 0, 0, 5, 5, 5, 5, 5, 8, 8, 12, 5, 5, 12, 12, 2, 11, 19, 0, 5, 13, 5, 5, 5, 8, 8, 8, 8, 8, 8]",[5]
"[5, 13, 4, 4, 4, 8, 8, 8, 8, 8, 13, 2, 2, 2, 12, 12, 2, 2, 2, 2, 2, 2, 2, 2, 2, 2, 4, 4, 2, 4, 2, 12, 5, 10, 10, 10, 10, 10, 5, 4, 4, 5, 11, 12, 5, 5, 5, 8, 8, 8, 0, 0, 2, 1, 1, 13, 13, 13, 10, 12, 12, 12, 0, 13, 13, 13, 4, 8, 0, 0, 5, 5, 5, 5, 5, 8, 8, 12, 5, 5, 12, 12, 2, 11, 19, 0, 5, 13, 5, 5, 5, 8, 8, 8, 8, 8, 8]",[13]
"[4, 4, 4, 8, 8, 8, 8, 8, 13, 2, 2, 2, 12, 12, 12, 2, 2, 2, 2, 2, 2, 2, 2, 2, 2, 4, 4, 2, 4, 2, 12, 5, 10, 10, 10, 10, 10, 5, 4, 4, 5, 11, 12, 5, 5, 5, 12, 8, 8, 8, 0, 0, 2, 1, 1, 13, 13, 13, 10, 12, 12, 12, 0, 13, 13, 13, 4, 8, 0, 0, 5, 5, 5, 5, 5, 8, 8, 12, 5, 5, 12, 12, 2, 11, 19, 0, 5, 13, 5, 5, 5, 8, 8, 8, 8, 8, 8]",[4]
"[4, 4, 4, 8, 8, 8, 8, 8, 13, 2, 2, 2, 12, 12, 12, 2, 2, 2, 2, 2, 2, 2, 2, 2, 2, 4, 4, 2, 4, 2, 12, 5, 10, 10, 10, 10, 10, 5, 4, 4, 5, 11, 12, 5, 5, 5, 12, 8, 8, 8, 0, 0, 2, 1, 1, 13, 13, 13, 10, 12, 12, 12, 0, 13, 13, 13, 4, 8, 0, 0, 5, 5, 5, 5, 5, 8, 8, 12, 5, 5, 12, 12, 2, 11, 19, 0, 5, 13, 5, 5, 5, 8, 8, 8, 8, 8, 8]",[4]
"[4, 8, 8, 8, 8, 8, 13, 2, 2, 2, 12, 12, 12, 2, 2, 2, 2, 2, 2, 2, 2, 2, 2, 4, 4, 2, 4, 2, 12, 5, 10, 10, 10, 10, 10, 5, 4, 4, 5, 11, 12, 5, 5, 5, 12, 8, 8, 8, 0, 0, 2, 1, 1, 13, 13, 13, 10, 12, 12, 12, 0, 13, 13, 13, 4, 8, 0, 0, 5, 5, 5, 5, 5, 8, 8, 12, 5, 5, 12, 12, 2, 11, 19, 0, 5, 13, 5, 5, 5, 8, 8, 8, 8, 8, 8]",[4]
"[4, 8, 8, 8, 8, 8, 13, 2, 2, 2, 12, 12, 12, 2, 2, 2, 2, 2, 2, 2, 2, 2, 2, 4, 4, 2, 4, 2, 12, 5, 10, 10, 10, 10, 10, 5, 4, 4, 5, 11, 12, 5, 5, 5, 12, 8, 8, 8, 0, 0, 2, 1, 1, 13, 13, 13, 10, 12, 12, 12, 0, 13, 13, 13, 4, 8, 0, 0, 5, 5, 5, 5, 5, 8, 8, 12, 5, 5, 12, 12, 2, 11, 19, 0, 5, 13, 5, 5, 5, 8, 8, 8, 8, 8, 8]",[8]
"[4, 8, 8, 8, 8, 8, 13, 2, 2, 2, 12, 12, 12, 2, 2, 2, 2, 2, 2, 2, 2, 2, 2, 4, 4, 2, 4, 2, 12, 5, 10, 10, 10, 10, 10, 5, 4, 4, 5, 11, 12, 5, 5, 5, 12, 8, 8, 8, 0, 0, 2, 1, 1, 13, 13, 13, 10, 12, 12, 12, 0, 13, 13, 13, 4, 8, 0, 0, 5, 5, 5, 5, 5, 8, 8, 12, 5, 5, 12, 12, 2, 11, 19, 0, 5, 13, 5, 5, 5, 8, 8, 8, 8, 8, 8]",[8]
"[4, 8, 8, 8, 8, 8, 13, 2, 2, 2, 12, 12, 12, 2, 2, 2, 2, 2, 2, 2, 2, 2, 2, 4, 4, 2, 4, 2, 12, 5, 10, 10, 10, 10, 10, 5, 4, 4, 5, 11, 12, 5, 5, 5, 12, 8, 8, 8, 0, 0, 2, 1, 1, 13, 13, 13, 10, 12, 12, 12, 0, 13, 13, 13, 4, 8, 0, 0, 5, 5, 5, 5, 5, 8, 8, 12, 5, 5, 12, 12, 2, 11, 19, 0, 5, 13, 5, 5, 5, 8, 8, 8, 8, 8, 8]",[8]
"[4, 8, 8, 8, 8, 8, 13, 2, 2, 2, 12, 12, 12, 2, 2, 2, 2, 2, 2, 2, 2, 2, 2, 4, 4, 2, 4, 2, 12, 5, 10, 10, 10, 10, 10, 5, 4, 4, 5, 11, 12, 5, 5, 5, 12, 8, 8, 8, 0, 0, 2, 1, 1, 13, 13, 13, 10, 12, 12, 12, 0, 13, 13, 13, 4, 8, 0, 0, 5, 5, 5, 5, 5, 8, 8, 12, 5, 5, 12, 12, 2, 11, 19, 0, 5, 13, 5, 5, 5, 8, 8, 8, 8, 8, 8]",[8]
"[4, 8, 8, 8, 8, 8, 13, 2, 2, 2, 12, 12, 12, 2, 2, 2, 2, 2, 2, 2, 2, 2, 2, 4, 4, 2, 4, 2, 12, 5, 10, 10, 10, 10, 10, 5, 4, 4, 5, 11, 12, 5, 5, 5, 12, 8, 8, 8, 0, 0, 2, 1, 1, 13, 13, 13, 10, 12, 12, 12, 0, 13, 13, 13, 4, 8, 0, 0, 5, 5, 5, 5, 5, 8, 8, 12, 5, 5, 12, 12, 2, 11, 19, 0, 5, 13, 5, 5, 5, 8, 8, 8, 8, 8, 8]",[8]
"[13, 2, 2, 2, 12, 12, 12, 2, 2, 2, 2, 2, 2, 2, 2, 2, 2, 4, 4, 2, 4, 2, 12, 5, 10, 10, 10, 10, 10, 5, 4, 4, 5, 11, 12, 5, 5, 5, 12, 8, 8, 8, 0, 0, 2, 1, 1, 13, 13, 13, 10, 12, 12, 12, 0, 13, 13, 13, 4, 8, 0, 0, 5, 5, 5, 5, 5, 8, 8, 12, 5, 5, 12, 12, 2, 11, 19, 0, 5, 13, 5, 5, 5, 8, 8, 8, 8, 8, 8]",[13]
"[2, 2, 2, 12, 12, 12, 2, 2, 2, 2, 2, 2, 2, 2, 2, 2, 2, 4, 4, 2, 4, 2, 12, 5, 10, 10, 10, 10, 10, 5, 4, 4, 5, 11, 12, 5, 5, 5, 12, 8, 8, 8, 0, 0, 2, 1, 1, 13, 13, 13, 10, 12, 12, 12, 0, 13, 13, 13, 4, 8, 0, 0, 5, 5, 5, 5, 5, 8, 8, 12, 5, 5, 12, 12, 2, 11, 19, 0, 5, 13, 5, 5, 5, 8, 8, 8, 8, 8, 8]",[2]
"[2, 2, 2, 12, 12, 12, 2, 2, 2, 2, 2, 2, 2, 2, 2, 2, 2, 4, 4, 2, 4, 2, 12, 5, 10, 10, 10, 10, 10, 5, 4, 4, 5, 11, 12, 5, 5, 5, 12, 8, 8, 8, 0, 0, 2, 1, 1, 13, 13, 13, 10, 12, 12, 12, 0, 13, 13, 13, 4, 8, 0, 0, 5, 5, 5, 5, 5, 8, 8, 12, 5, 5, 12, 12, 2, 11, 19, 0, 5, 13, 5, 5, 5, 8, 8, 8, 8, 8, 8]",[2]
"[2, 12, 12, 12, 2, 2, 2, 2, 2, 2, 2, 2, 2, 2, 2, 4, 4, 2, 4, 2, 12, 5, 10, 10, 10, 10, 10, 5, 4, 4, 5, 11, 12, 5, 5, 5, 12, 8, 8, 8, 0, 0, 2, 1, 1, 13, 13, 13, 10, 12, 12, 12, 0, 13, 13, 13, 4, 8, 0, 0, 5, 5, 5, 5, 5, 8, 8, 12, 5, 5, 12, 12, 2, 11, 19, 0, 5, 13, 5, 5, 5, 8, 8, 8, 8, 8, 8]",[2]
"[2, 12, 12, 12, 2, 2, 2, 2, 2, 2, 2, 2, 2, 2, 2, 4, 4, 2, 4, 2, 12, 5, 10, 10, 10, 10, 10, 5, 4, 4, 5, 11, 12, 5, 5, 5, 12, 8, 8, 8, 0, 0, 2, 1, 1, 13, 13, 13, 10, 12, 12, 12, 0, 13, 13, 13, 4, 8, 0, 0, 5, 5, 5, 5, 5, 8, 8, 12, 5, 5, 12, 12, 2, 11, 19, 0, 5, 13, 5, 5, 5, 8, 8, 8, 8, 8, 8]",[12]
"[2, 12, 12, 12, 2, 2, 2, 2, 2, 2, 2, 2, 2, 2, 2, 4, 4, 2, 4, 2, 12, 5, 10, 10, 10, 10, 10, 5, 4, 4, 5, 11, 12, 5, 5, 5, 12, 8, 8, 8, 0, 0, 2, 1, 1, 13, 13, 13, 10, 12, 12, 12, 0, 13, 13, 13, 4, 8, 0, 0, 5, 5, 5, 5, 5, 8, 8, 12, 5, 5, 12, 12, 2, 11, 19, 0, 5, 13, 5, 5, 5, 8, 8, 8, 8, 8, 8]",[12]
"[2, 12, 12, 12, 2, 2, 2, 2, 2, 2, 2, 2, 2, 2, 2, 4, 4, 2, 4, 2, 12, 5, 10, 10, 10, 10, 10, 5, 4, 4, 5, 11, 12, 5, 5, 5, 12, 8, 8, 8, 0, 0, 2, 1, 1, 13, 13, 13, 10, 12, 12, 12, 0, 13, 13, 13, 4, 8, 0, 0, 5, 5, 5, 5, 5, 8, 8, 12, 5, 5, 12, 12, 2, 11, 19, 0, 5, 13, 5, 5, 5, 8, 8, 8, 8, 8, 8]",[12]
"[2, 12, 12, 12, 2, 2, 2, 2, 2, 2, 2, 2, 2, 2, 2, 4, 4, 2, 4, 2, 12, 5, 10, 10, 10, 10, 10, 5, 4, 4, 5, 11, 12, 5, 5, 5, 12, 8, 8, 8, 0, 0, 2, 1, 1, 13, 13, 13, 10, 12, 12, 12, 0, 13, 13, 13, 4, 8, 0, 0, 5, 5, 5, 5, 5, 8, 8, 12, 5, 5, 12, 12, 2, 11, 19, 0, 5, 13, 5, 5, 5, 8, 8, 8, 8, 8, 8]",[2]
"[2, 12, 12, 12, 2, 2, 2, 2, 2, 2, 2, 2, 2, 2, 2, 4, 4, 2, 4, 2, 12, 5, 10, 10, 10, 10, 10, 5, 4, 4, 5, 11, 12, 5, 5, 5, 12, 8, 8, 8, 0, 0, 2, 1, 1, 13, 13, 13, 10, 12, 12, 12, 0, 13, 13, 13, 4, 8, 0, 0, 5, 5, 5, 5, 5, 8, 8, 12, 5, 5, 12, 12, 2, 11, 19, 0, 5, 13, 5, 5, 5, 8, 8, 8, 8, 8, 8]",[2]
"[2, 12, 12, 12, 2, 2, 2, 2, 2, 2, 2, 2, 2, 2, 2, 4, 4, 2, 4, 2, 12, 5, 10, 10, 10, 10, 10, 5, 4, 4, 5, 11, 12, 5, 5, 5, 12, 8, 8, 8, 0, 0, 2, 1, 1, 13, 13, 13, 10, 12, 12, 12, 0, 13, 13, 13, 4, 8, 0, 0, 5, 5, 5, 5, 5, 8, 8, 12, 5, 5, 12, 12, 2, 11, 19, 0, 5, 13, 5, 5, 5, 8, 8, 8, 8, 8, 8]",[2]
"[2, 12, 12, 12, 2, 2, 2, 2, 2, 2, 2, 2, 2, 2, 2, 4, 4, 2, 4, 2, 12, 5, 10, 10, 10, 10, 10, 5, 4, 4, 5, 11, 12, 5, 5, 5, 12, 8, 8, 8, 0, 0, 2, 1, 1, 13, 13, 13, 10, 12, 12, 12, 0, 13, 13, 13, 4, 8, 0, 0, 5, 5, 5, 5, 5, 8, 8, 12, 5, 5, 12, 12, 2, 11, 19, 0, 5, 13, 5, 5, 5, 8, 8, 8, 8, 8, 8]",[2]
"[2, 2, 2, 2, 2, 2, 2, 4, 4, 2, 4, 2, 12, 5, 10, 10, 10, 10, 10, 5, 4, 4, 5, 11, 12, 5, 5, 5, 12, 8, 8, 8, 0, 0, 2, 1, 1, 13, 13, 13, 10, 12, 12, 12, 0, 13, 13, 13, 4, 8, 0, 0, 5, 5, 5, 5, 5, 8, 8, 12, 5, 5, 12, 12, 2, 11, 19, 0, 5, 13, 5, 5, 5, 8, 8, 8, 8, 8, 8]",[2]
"[2, 2, 2, 2, 2, 2, 2, 4, 4, 2, 4, 2, 12, 5, 10, 10, 10, 10, 10, 5, 4, 4, 5, 11, 12, 5, 5, 5, 12, 8, 8, 8, 0, 0, 2, 1, 1, 13, 13, 13, 10, 12, 12, 12, 0, 13, 13, 13, 4, 8, 0, 0, 5, 5, 5, 5, 5, 8, 8, 12, 5, 5, 12, 12, 2, 11, 19, 0, 5, 13, 5, 5, 5, 8, 8, 8, 8, 8, 8]",[2]
"[2, 2, 2, 2, 2, 2, 2, 4, 4, 2, 4, 2, 12, 5, 10, 10, 10, 10, 10, 5, 4, 4, 5, 11, 12, 5, 5, 5, 12, 8, 8, 8, 0, 0, 2, 1, 1, 13, 13, 13, 10, 12, 12, 12, 0, 13, 13, 13, 4, 8, 0, 0, 5, 5, 5, 5, 5, 8, 8, 12, 5, 5, 12, 12, 2, 11, 19, 0, 5, 13, 5, 5, 5, 8, 8, 8, 8, 8, 8]",[2]
"[2, 2, 2, 2, 4, 4, 2, 4, 2, 12, 5, 10, 10, 10, 10, 10, 5, 4, 4, 5, 11, 12, 5, 5, 5, 12, 8, 8, 8, 0, 0, 2, 1, 1, 13, 13, 13, 10, 12, 12, 12, 0, 13, 13, 13, 4, 8, 0, 0, 5, 5, 5, 5, 5, 8, 8, 12, 5, 5, 12, 12, 2, 11, 19, 0, 5, 13, 5, 5, 5, 8, 8, 8, 8, 8, 8]",[2]
"[2, 2, 2, 2, 4, 4, 2, 4, 2, 12, 5, 10, 10, 10, 10, 10, 5, 4, 4, 5, 11, 12, 5, 5, 5, 12, 8, 8, 8, 0, 0, 2, 1, 1, 13, 13, 13, 10, 12, 12, 12, 0, 13, 13, 13, 4, 8, 0, 0, 5, 5, 5, 5, 5, 8, 8, 12, 5, 5, 12, 12, 2, 11, 19, 0, 5, 13, 5, 5, 5, 8, 8, 8, 8, 8, 8]",[2]
"[2, 2, 4, 4, 2, 4, 2, 12, 5, 10, 10, 10, 10, 10, 5, 4, 4, 5, 11, 12, 5, 5, 5, 12, 8, 8, 8, 0, 0, 2, 1, 1, 13, 13, 13, 10, 12, 12, 12, 0, 13, 13, 13, 4, 8, 0, 0, 5, 5, 5, 5, 5, 8, 8, 12, 5, 5, 12, 12, 2, 11, 19, 0, 5, 13, 5, 5, 5, 8, 8, 8, 8, 8, 8]",[2]
"[2, 2, 4, 4, 2, 4, 2, 12, 5, 10, 10, 10, 10, 10, 5, 4, 4, 5, 11, 12, 5, 5, 5, 12, 8, 8, 8, 0, 0, 2, 1, 1, 13, 13, 13, 10, 12, 12, 12, 0, 13, 13, 13, 4, 8, 0, 0, 5, 5, 5, 5, 5, 8, 8, 12, 5, 5, 12, 12, 2, 11, 19, 0, 5, 13, 5, 5, 5, 8, 8, 8, 8, 8, 8]",[2]
"[4, 4, 2, 4, 2, 12, 5, 10, 10, 10, 10, 10, 5, 4, 4, 5, 11, 12, 5, 5, 5, 12, 8, 8, 8, 0, 0, 2, 1, 1, 13, 13, 13, 10, 12, 12, 12, 0, 13, 13, 13, 4, 8, 0, 0, 5, 5, 5, 5, 5, 8, 8, 12, 5, 5, 12, 12, 2, 11, 19, 0, 5, 13, 5, 5, 5, 8, 8, 8, 8, 8, 8]",[4]
"[4, 4, 2, 4, 2, 12, 5, 10, 10, 10, 10, 10, 5, 4, 4, 5, 11, 12, 5, 5, 5, 12, 8, 8, 8, 0, 0, 2, 1, 1, 13, 13, 13, 10, 12, 12, 12, 0, 13, 13, 13, 4, 8, 0, 0, 5, 5, 5, 5, 5, 8, 8, 12, 5, 5, 12, 12, 2, 11, 19, 0, 5, 13, 5, 5, 5, 8, 8, 8, 8, 8, 8]",[4]
"[4, 4, 2, 4, 2, 12, 5, 10, 10, 10, 10, 10, 5, 4, 4, 5, 11, 12, 5, 5, 5, 12, 8, 8, 8, 0, 0, 2, 1, 1, 13, 13, 13, 10, 12, 12, 12, 0, 13, 13, 13, 4, 8, 0, 0, 5, 5, 5, 5, 5, 8, 8, 12, 5, 5, 12, 12, 2, 11, 19, 0, 5, 13, 5, 5, 5, 8, 8, 8, 8, 8, 8]",[2]
"[4, 2, 12, 5, 10, 10, 10, 10, 10, 5, 4, 4, 5, 11, 12, 5, 5, 5, 12, 8, 8, 8, 0, 0, 2, 1, 1, 13, 13, 13, 10, 12, 12, 12, 0, 13, 13, 13, 4, 8, 0, 0, 5, 5, 5, 5, 5, 8, 8, 12, 5, 5, 12, 12, 2, 11, 19, 0, 5, 13, 5, 5, 5, 8, 8, 8, 8, 8, 8]",[4]
"[4, 2, 12, 5, 10, 10, 10, 10, 10, 5, 4, 4, 5, 11, 12, 5, 5, 5, 12, 8, 8, 8, 0, 0, 2, 1, 1, 13, 13, 13, 10, 12, 12, 12, 0, 13, 13, 13, 4, 8, 0, 0, 5, 5, 5, 5, 5, 8, 8, 12, 5, 5, 12, 12, 2, 11, 19, 0, 5, 13, 5, 5, 5, 8, 8, 8, 8, 8, 8]",[2]
"[4, 2, 12, 5, 10, 10, 10, 10, 10, 5, 4, 4, 5, 11, 12, 5, 5, 5, 12, 8, 8, 8, 0, 0, 2, 1, 1, 13, 13, 13, 10, 12, 12, 12, 0, 13, 13, 13, 4, 8, 0, 0, 5, 5, 5, 5, 5, 8, 8, 12, 5, 5, 12, 12, 2, 11, 19, 0, 5, 13, 5, 5, 5, 8, 8, 8, 8, 8, 8]",[12]
"[5, 10, 10, 10, 10, 10, 5, 4, 4, 5, 11, 12, 5, 5, 5, 12, 8, 8, 8, 0, 0, 2, 1, 1, 13, 13, 13, 10, 12, 12, 12, 0, 13, 13, 13, 4, 8, 0, 0, 5, 5, 5, 5, 5, 8, 8, 12, 5, 5, 12, 12, 2, 11, 19, 0, 5, 13, 5, 5, 5, 8, 8, 8, 8, 8, 8]",[5]
"[5, 10, 10, 10, 10, 10, 5, 4, 4, 5, 11, 12, 5, 5, 5, 12, 8, 8, 8, 0, 0, 2, 1, 1, 13, 13, 13, 10, 12, 12, 12, 0, 13, 13, 13, 4, 8, 0, 0, 5, 5, 5, 5, 5, 8, 8, 12, 5, 5, 12, 12, 2, 11, 19, 0, 5, 13, 5, 5, 5, 8, 8, 8, 8, 8, 8]",[10]
"[5, 10, 10, 10, 10, 10, 5, 4, 4, 5, 11, 12, 5, 5, 5, 12, 8, 8, 8, 0, 0, 2, 1, 1, 13, 13, 13, 10, 12, 12, 12, 0, 13, 13, 13, 4, 8, 0, 0, 5, 5, 5, 5, 5, 8, 8, 12, 5, 5, 12, 12, 2, 11, 19, 0, 5, 13, 5, 5, 5, 8, 8, 8, 8, 8, 8]",[10]
"[5, 10, 10, 10, 10, 10, 5, 4, 4, 5, 11, 12, 5, 5, 5, 12, 8, 8, 8, 0, 0, 2, 1, 1, 13, 13, 13, 10, 12, 12, 12, 0, 13, 13, 13, 4, 8, 0, 0, 5, 5, 5, 5, 5, 8, 8, 12, 5, 5, 12, 12, 2, 11, 19, 0, 5, 13, 5, 5, 5, 8, 8, 8, 8, 8, 8]",[10]
"[5, 10, 10, 10, 10, 10, 5, 4, 4, 5, 11, 12, 5, 5, 5, 12, 8, 8, 8, 0, 0, 2, 1, 1, 13, 13, 13, 10, 12, 12, 12, 0, 13, 13, 13, 4, 8, 0, 0, 5, 5, 5, 5, 5, 8, 8, 12, 5, 5, 12, 12, 2, 11, 19, 0, 5, 13, 5, 5, 5, 8, 8, 8, 8, 8, 8]",[10]
"[5, 10, 10, 10, 10, 10, 5, 4, 4, 5, 11, 12, 5, 5, 5, 12, 8, 8, 8, 0, 0, 2, 1, 1, 13, 13, 13, 10, 12, 12, 12, 0, 13, 13, 13, 4, 8, 0, 0, 5, 5, 5, 5, 5, 8, 8, 12, 5, 5, 12, 12, 2, 11, 19, 0, 5, 13, 5, 5, 5, 8, 8, 8, 8, 8, 8]",[10]
"[5, 4, 4, 5, 11, 12, 5, 5, 5, 12, 8, 8, 8, 0, 0, 2, 1, 1, 13, 13, 13, 10, 12, 12, 12, 0, 13, 13, 13, 4, 8, 0, 0, 5, 5, 5, 5, 5, 8, 8, 12, 5, 5, 12, 12, 2, 11, 19, 0, 5, 13, 5, 5, 5, 8, 8, 8, 8, 8, 8]",[5]
"[5, 4, 4, 5, 11, 12, 5, 5, 5, 12, 8, 8, 8, 0, 0, 2, 1, 1, 13, 13, 13, 10, 12, 12, 12, 0, 13, 13, 13, 4, 8, 0, 0, 5, 5, 5, 5, 5, 8, 8, 12, 5, 5, 12, 12, 2, 11, 19, 0, 5, 13, 5, 5, 5, 8, 8, 8, 8, 8, 8]",[4]
"[5, 4, 4, 5, 11, 12, 5, 5, 5, 12, 8, 8, 8, 0, 0, 2, 1, 1, 13, 13, 13, 10, 12, 12, 12, 0, 13, 13, 13, 4, 8, 0, 0, 5, 5, 5, 5, 5, 8, 8, 12, 5, 5, 12, 12, 2, 11, 19, 0, 5, 13, 5, 5, 5, 8, 8, 8, 8, 8, 8]",[4]
"[5, 4, 4, 5, 11, 12, 5, 5, 5, 12, 8, 8, 8, 0, 0, 2, 1, 1, 13, 13, 13, 10, 12, 12, 12, 0, 13, 13, 13, 4, 8, 0, 0, 5, 5, 5, 5, 5, 8, 8, 12, 5, 5, 12, 12, 2, 11, 19, 0, 5, 13, 5, 5, 5, 8, 8, 8, 8, 8, 8]",[5]
"[5, 4, 4, 5, 11, 12, 5, 5, 5, 12, 8, 8, 8, 0, 0, 2, 1, 1, 13, 13, 13, 10, 12, 12, 12, 0, 13, 13, 13, 4, 8, 0, 0, 5, 5, 5, 5, 5, 8, 8, 12, 5, 5, 12, 12, 2, 11, 19, 0, 5, 13, 5, 5, 5, 8, 8, 8, 8, 8, 8]",[11]
"[5, 4, 4, 5, 11, 12, 5, 5, 5, 12, 8, 8, 8, 0, 0, 2, 1, 1, 13, 13, 13, 10, 12, 12, 12, 0, 13, 13, 13, 4, 8, 0, 0, 5, 5, 5, 5, 5, 8, 8, 12, 5, 5, 12, 12, 2, 11, 19, 0, 5, 13, 5, 5, 5, 8, 8, 8, 8, 8, 8]",[12]
"[5, 5, 5, 12, 8, 8, 8, 0, 0, 2, 1, 1, 13, 13, 13, 10, 12, 12, 12, 0, 13, 13, 13, 4, 8, 0, 0, 5, 5, 5, 5, 5, 8, 8, 12, 5, 5, 12, 12, 2, 11, 19, 0, 5, 13, 5, 5, 5, 8, 8, 8, 8, 8, 8]",[5]
"[5, 5, 12, 8, 8, 8, 0, 0, 2, 1, 1, 13, 13, 13, 10, 12, 12, 12, 0, 13, 13, 13, 4, 8, 0, 0, 5, 5, 5, 5, 5, 8, 8, 12, 5, 5, 12, 12, 2, 11, 19, 0, 5, 13, 5, 5, 5, 8, 8, 8, 8, 8, 8]",[5]
"[5, 5, 12, 8, 8, 8, 0, 0, 2, 1, 1, 13, 13, 13, 10, 12, 12, 12, 0, 13, 13, 13, 4, 8, 0, 0, 5, 5, 5, 5, 5, 8, 8, 12, 5, 5, 12, 12, 2, 11, 19, 0, 5, 13, 5, 5, 5, 8, 8, 8, 8, 8, 8]",[5]
"[5, 5, 12, 8, 8, 8, 0, 0, 2, 1, 1, 13, 13, 13, 10, 12, 12, 12, 0, 13, 13, 13, 4, 8, 0, 0, 5, 5, 5, 5, 5, 8, 8, 12, 5, 5, 12, 12, 2, 11, 19, 0, 5, 13, 5, 5, 5, 8, 8, 8, 8, 8, 8]",[12]
"[5, 5, 12, 8, 8, 8, 0, 0, 2, 1, 1, 13, 13, 13, 10, 12, 12, 12, 0, 13, 13, 13, 4, 8, 0, 0, 5, 5, 5, 5, 5, 8, 8, 12, 5, 5, 12, 12, 2, 11, 19, 0, 5, 13, 5, 5, 5, 8, 8, 8, 8, 8, 8]",[8]
"[5, 5, 12, 8, 8, 8, 0, 0, 2, 1, 1, 13, 13, 13, 10, 12, 12, 12, 0, 13, 13, 13, 4, 8, 0, 0, 5, 5, 5, 5, 5, 8, 8, 12, 5, 5, 12, 12, 2, 11, 19, 0, 5, 13, 5, 5, 5, 8, 8, 8, 8, 8, 8]",[8]
"[5, 5, 12, 8, 8, 8, 0, 0, 2, 1, 1, 13, 13, 13, 10, 12, 12, 12, 0, 13, 13, 13, 4, 8, 0, 0, 5, 5, 5, 5, 5, 8, 8, 12, 5, 5, 12, 12, 2, 11, 19, 0, 5, 13, 5, 5, 5, 8, 8, 8, 8, 8, 8]",[8]
"[0, 0, 2, 1, 1, 13, 13, 13, 10, 12, 12, 12, 0, 13, 13, 13, 13, 4, 8, 0, 0, 5, 5, 5, 5, 5, 5, 5, 8, 8, 8, 12, 12, 5, 5, 5, 5, 12, 12, 2, 11, 19, 0, 5, 13, 5, 5, 5, 8, 8, 8, 8, 8, 8]",[0]
"[0, 0, 2, 1, 1, 13, 13, 13, 10, 12, 12, 12, 0, 13, 13, 13, 13, 4, 8, 0, 0, 5, 5, 5, 5, 5, 5, 5, 8, 8, 8, 12, 12, 5, 5, 5, 5, 12, 12, 2, 11, 19, 0, 5, 13, 5, 5, 5, 8, 8, 8, 8, 8, 8]",[0]
"[2, 2, 1, 1, 13, 13, 13, 10, 12, 12, 12, 0, 13, 13, 13, 13, 4, 8, 0, 0, 5, 5, 5, 5, 5, 5, 5, 8, 8, 8, 12, 12, 5, 5, 5, 5, 12, 12, 2, 11, 19, 0, 5, 13, 5, 5, 5, 8, 8, 8, 8, 8, 8]",[2]
"[2, 2, 1, 1, 13, 13, 13, 10, 12, 12, 12, 0, 13, 13, 13, 13, 4, 8, 0, 0, 5, 5, 5, 5, 5, 5, 5, 8, 8, 8, 12, 12, 5, 5, 5, 5, 12, 12, 2, 11, 19, 0, 5, 13, 5, 5, 5, 8, 8, 8, 8, 8, 8]",[2]
"[1, 1, 17, 13, 13, 13, 10, 17, 17, 17, 12, 12, 12, 0, 13, 13, 13, 13, 4, 8, 0, 0, 5, 5, 5, 5, 5, 5, 5, 8, 8, 8, 12, 12, 5, 5, 5, 5, 12, 12, 2, 11, 19, 0, 5, 13, 5, 5, 5, 8, 8, 8, 8, 8, 8]",[1]
"[1, 1, 17, 13, 13, 13, 10, 17, 17, 17, 12, 12, 12, 0, 13, 13, 13, 13, 4, 8, 0, 0, 5, 5, 5, 5, 5, 5, 5, 8, 8, 8, 12, 12, 5, 5, 5, 5, 12, 12, 2, 11, 19, 0, 5, 13, 5, 5, 5, 8, 8, 8, 8, 8, 8]",[1]
"[17, 13, 13, 13, 10, 17, 10, 17, 17, 12, 12, 12, 0, 13, 13, 13, 13, 4, 8, 0, 0, 0, 5, 5, 5, 5, 5, 5, 5, 8, 8, 8, 12, 12, 5, 5, 5, 5, 12, 12, 2, 11, 19, 0, 5, 13, 5, 5, 5, 8, 8, 8, 8, 8, 8]",[17]
"[17, 13, 13, 13, 10, 17, 10, 17, 17, 12, 12, 12, 0, 13, 13, 13, 13, 4, 8, 0, 0, 0, 5, 5, 5, 5, 5, 5, 5, 8, 8, 8, 12, 12, 5, 5, 5, 5, 12, 12, 2, 11, 19, 0, 5, 13, 5, 5, 5, 8, 8, 8, 8, 8, 8]",[13]
"[17, 13, 13, 13, 10, 17, 10, 17, 17, 12, 12, 12, 0, 13, 13, 13, 13, 4, 8, 0, 0, 0, 5, 5, 5, 5, 5, 5, 5, 8, 8, 8, 12, 12, 5, 5, 5, 5, 12, 12, 2, 11, 19, 0, 5, 13, 5, 5, 5, 8, 8, 8, 8, 8, 8]",[13]
"[17, 13, 13, 13, 10, 17, 10, 17, 17, 12, 12, 12, 0, 13, 13, 13, 13, 4, 8, 0, 0, 0, 5, 5, 5, 5, 5, 5, 5, 8, 8, 8, 12, 12, 5, 5, 5, 5, 12, 12, 2, 11, 19, 0, 5, 13, 5, 5, 5, 8, 8, 8, 8, 8, 8]",[13]
"[17, 13, 13, 13, 10, 17, 10, 17, 17, 12, 12, 12, 0, 13, 13, 13, 13, 4, 8, 0, 0, 0, 5, 5, 5, 5, 5, 5, 5, 8, 8, 8, 12, 12, 5, 5, 5, 5, 12, 12, 2, 11, 19, 0, 5, 13, 5, 5, 5, 8, 8, 8, 8, 8, 8]",[10]
"[17, 13, 13, 13, 10, 17, 10, 17, 17, 12, 12, 12, 0, 13, 13, 13, 13, 4, 8, 0, 0, 0, 5, 5, 5, 5, 5, 5, 5, 8, 8, 8, 12, 12, 5, 5, 5, 5, 12, 12, 2, 11, 19, 0, 5, 13, 5, 5, 5, 8, 8, 8, 8, 8, 8]",[17]
"[17, 13, 13, 13, 10, 17, 10, 17, 17, 12, 12, 12, 0, 13, 13, 13, 13, 4, 8, 0, 0, 0, 5, 5, 5, 5, 5, 5, 5, 8, 8, 8, 12, 12, 5, 5, 5, 5, 12, 12, 2, 11, 19, 0, 5, 13, 5, 5, 5, 8, 8, 8, 8, 8, 8]",[10]
"[17, 13, 13, 13, 10, 17, 10, 17, 17, 12, 12, 12, 0, 13, 13, 13, 13, 4, 8, 0, 0, 0, 5, 5, 5, 5, 5, 5, 5, 8, 8, 8, 12, 12, 5, 5, 5, 5, 12, 12, 2, 11, 19, 0, 5, 13, 5, 5, 5, 8, 8, 8, 8, 8, 8]",[17]
"[17, 13, 13, 13, 10, 17, 10, 17, 17, 12, 12, 12, 0, 13, 13, 13, 13, 4, 8, 0, 0, 0, 5, 5, 5, 5, 5, 5, 5, 8, 8, 8, 12, 12, 5, 5, 5, 5, 12, 12, 2, 11, 19, 0, 5, 13, 5, 5, 5, 8, 8, 8, 8, 8, 8]",[17]
"[12, 12, 12, 0, 13, 13, 13, 13, 13, 13, 4, 8, 0, 0, 0, 5, 5, 5, 5, 5, 5, 5, 8, 8, 8, 12, 12, 5, 5, 5, 5, 12, 12, 2, 10, 11, 19, 0, 5, 13, 5, 5, 5, 8, 8, 8, 8, 8, 8]",[12]
"[12, 12, 12, 0, 13, 13, 13, 13, 13, 13, 4, 8, 0, 0, 0, 5, 5, 5, 5, 5, 5, 5, 8, 8, 8, 12, 12, 5, 5, 5, 5, 12, 12, 2, 10, 11, 19, 0, 5, 13, 5, 5, 5, 8, 8, 8, 8, 8, 8]",[12]
"[12, 12, 12, 0, 13, 13, 13, 13, 13, 13, 4, 8, 0, 0, 0, 5, 5, 5, 5, 5, 5, 5, 8, 8, 8, 12, 12, 5, 5, 5, 5, 12, 12, 2, 10, 11, 19, 0, 5, 13, 5, 5, 5, 8, 8, 8, 8, 8, 8]",[12]
"[0, 13, 13, 13, 13, 13, 13, 4, 8, 0, 0, 0, 5, 5, 5, 5, 5, 5, 5, 8, 8, 8, 12, 12, 5, 5, 5, 5, 12, 12, 2, 10, 17, 11, 19, 0, 5, 13, 5, 5, 5, 8, 8, 8, 8, 8, 8, 8]",[0]
"[0, 13, 13, 13, 13, 13, 13, 4, 8, 0, 0, 0, 5, 5, 5, 5, 5, 5, 5, 8, 8, 8, 12, 12, 5, 5, 5, 5, 12, 12, 2, 10, 17, 11, 19, 0, 5, 13, 5, 5, 5, 8, 8, 8, 8, 8, 8, 8]",[13]
"[0, 13, 13, 13, 13, 13, 13, 4, 8, 0, 0, 0, 5, 5, 5, 5, 5, 5, 5, 8, 8, 8, 12, 12, 5, 5, 5, 5, 12, 12, 2, 10, 17, 11, 19, 0, 5, 13, 5, 5, 5, 8, 8, 8, 8, 8, 8, 8]",[13]
"[0, 13, 13, 13, 13, 13, 13, 4, 8, 0, 0, 0, 5, 5, 5, 5, 5, 5, 5, 8, 8, 8, 12, 12, 5, 5, 5, 5, 12, 12, 2, 10, 17, 11, 19, 0, 5, 13, 5, 5, 5, 8, 8, 8, 8, 8, 8, 8]",[13]
"[0, 13, 13, 13, 13, 13, 13, 4, 8, 0, 0, 0, 5, 5, 5, 5, 5, 5, 5, 8, 8, 8, 12, 12, 5, 5, 5, 5, 12, 12, 2, 10, 17, 11, 19, 0, 5, 13, 5, 5, 5, 8, 8, 8, 8, 8, 8, 8]",[13]
"[13, 13, 4, 8, 0, 0, 0, 5, 5, 5, 5, 5, 5, 5, 8, 8, 8, 12, 12, 5, 5, 5, 5, 12, 12, 2, 10, 17, 11, 19, 0, 5, 13, 5, 5, 5, 8, 8, 8, 8, 8, 8, 8, 8]",[13]
"[13, 13, 4, 8, 0, 0, 0, 5, 5, 5, 5, 5, 5, 5, 8, 8, 8, 12, 12, 5, 5, 5, 5, 12, 12, 2, 10, 17, 11, 19, 0, 5, 13, 5, 5, 5, 8, 8, 8, 8, 8, 8, 8, 8]",[13]
"[4, 8, 0, 0, 0, 5, 5, 5, 5, 5, 5, 5, 8, 8, 8, 12, 12, 5, 5, 5, 5, 12, 12, 2, 10, 17, 11, 19, 0, 5, 13, 5, 5, 5, 8, 8, 8, 8, 8, 8, 8, 8]",[4]
"[4, 8, 0, 0, 0, 5, 5, 5, 5, 5, 5, 5, 8, 8, 8, 12, 12, 5, 5, 5, 5, 12, 12, 2, 10, 17, 11, 19, 0, 5, 13, 5, 5, 5, 8, 8, 8, 8, 8, 8, 8, 8]",[8]
"[0, 0, 0, 5, 5, 5, 5, 5, 5, 5, 8, 8, 8, 12, 12, 5, 5, 5, 5, 12, 12, 2, 10, 17, 11, 19, 0, 5, 13, 5, 5, 5, 8, 8, 8, 8, 8, 8, 8, 8]",[0]
"[0, 0, 0, 5, 5, 5, 5, 5, 5, 5, 8, 8, 8, 12, 12, 5, 5, 5, 5, 12, 12, 2, 10, 17, 11, 19, 0, 5, 13, 5, 5, 5, 8, 8, 8, 8, 8, 8, 8, 8]",[0]
"[0, 0, 0, 5, 5, 5, 5, 5, 5, 5, 8, 8, 8, 12, 12, 5, 5, 5, 5, 12, 12, 2, 10, 17, 11, 19, 0, 5, 13, 5, 5, 5, 8, 8, 8, 8, 8, 8, 8, 8]",[0]
"[5, 5, 5, 5, 5, 5, 5, 8, 8, 8, 12, 12, 5, 5, 5, 5, 12, 12, 2, 10, 17, 11, 19, 0, 5, 13, 5, 5, 5, 8, 8, 8, 8, 8, 8, 8, 8]",[5]
"[5, 5, 5, 5, 5, 5, 5, 8, 8, 8, 12, 12, 5, 5, 5, 5, 12, 12, 2, 10, 17, 11, 19, 0, 5, 13, 5, 5, 5, 8, 8, 8, 8, 8, 8, 8, 8]",[5]
"[5, 5, 5, 5, 5, 5, 5, 8, 8, 8, 12, 12, 5, 5, 5, 5, 12, 12, 2, 10, 17, 11, 19, 0, 5, 13, 5, 5, 5, 8, 8, 8, 8, 8, 8, 8, 8]",[5]
"[5, 5, 5, 5, 5, 8, 8, 8, 12, 12, 5, 5, 5, 5, 12, 12, 2, 10, 17, 11, 19, 0, 5, 13, 13, 5, 5, 5, 8, 8, 8, 8, 8, 8, 8, 8, 8]",[5]
"[5, 5, 5, 5, 5, 8, 8, 8, 12, 12, 5, 5, 5, 5, 12, 12, 2, 10, 17, 11, 19, 0, 5, 13, 13, 5, 5, 5, 8, 8, 8, 8, 8, 8, 8, 8, 8]",[5]
"[5, 5, 5, 5, 5, 8, 8, 8, 12, 12, 5, 5, 5, 5, 12, 12, 2, 10, 17, 11, 19, 0, 5, 13, 13, 5, 5, 5, 8, 8, 8, 8, 8, 8, 8, 8, 8]",[5]
"[5, 5, 8, 8, 8, 8, 8, 12, 12, 5, 5, 5, 5, 12, 12, 2, 10, 17, 11, 19, 0, 5, 13, 13, 5, 5, 5, 8, 8, 8, 8, 8, 8, 8, 8, 8]",[5]
"[5, 5, 8, 8, 8, 8, 8, 12, 12, 5, 5, 5, 5, 12, 12, 2, 10, 17, 11, 19, 0, 5, 13, 13, 5, 5, 5, 8, 8, 8, 8, 8, 8, 8, 8, 8]",[5]
"[8, 8, 8, 8, 8, 12, 12, 5, 5, 5, 5, 12, 12, 2, 10, 17, 11, 19, 0, 5, 13, 13, 5, 5, 5, 8, 8, 8, 8, 8, 8, 8, 8, 8]",[8]
"[8, 8, 8, 8, 8, 12, 12, 5, 5, 5, 5, 12, 12, 2, 10, 17, 11, 19, 0, 5, 13, 13, 5, 5, 5, 8, 8, 8, 8, 8, 8, 8, 8, 8]",[8]
"[8, 8, 8, 8, 8, 12, 12, 5, 5, 5, 5, 12, 12, 2, 10, 17, 11, 19, 0, 5, 13, 13, 5, 5, 5, 8, 8, 8, 8, 8, 8, 8, 8, 8]",[8]
"[8, 8, 8, 8, 8, 12, 12, 5, 5, 5, 5, 12, 12, 2, 10, 17, 11, 19, 0, 5, 13, 13, 5, 5, 5, 8, 8, 8, 8, 8, 8, 8, 8, 8]",[8]
"[8, 8, 8, 8, 8, 12, 12, 5, 5, 5, 5, 12, 12, 2, 10, 17, 11, 19, 0, 5, 13, 13, 5, 5, 5, 8, 8, 8, 8, 8, 8, 8, 8, 8]",[8]
"[12, 12, 5, 5, 5, 5, 12, 12, 12, 2, 10, 17, 11, 19, 0, 5, 13, 13, 5, 5, 5, 8, 8, 8, 8, 8, 8, 8, 8, 8]",[12]
"[12, 12, 5, 5, 5, 5, 12, 12, 12, 2, 10, 17, 11, 19, 0, 5, 13, 13, 5, 5, 5, 8, 8, 8, 8, 8, 8, 8, 8, 8]",[12]
"[12, 12, 5, 5, 5, 5, 12, 12, 12, 2, 10, 17, 11, 19, 0, 5, 13, 13, 5, 5, 5, 8, 8, 8, 8, 8, 8, 8, 8, 8]",[5]
"[5, 5, 5, 12, 12, 12, 2, 10, 17, 11, 19, 0, 5, 13, 13, 5, 5, 5, 8, 8, 8, 8, 8, 8, 8, 8, 8]",[5]
"[5, 5, 5, 12, 12, 12, 2, 10, 17, 11, 19, 0, 5, 13, 13, 5, 5, 5, 8, 8, 8, 8, 8, 8, 8, 8, 8]",[5]
"[5, 5, 5, 12, 12, 12, 2, 10, 17, 11, 19, 0, 5, 13, 13, 5, 5, 5, 8, 8, 8, 8, 8, 8, 8, 8, 8]",[5]
"[12, 12, 12, 17, 2, 10, 17, 11, 19, 0, 5, 13, 13, 5, 5, 5, 8, 8, 8, 8, 8, 8, 8, 8, 8]",[12]
"[12, 12, 17, 2, 10, 17, 11, 19, 0, 0, 5, 13, 13, 5, 5, 5, 8, 8, 8, 8, 8, 8, 8, 8, 8]",[12]
"[12, 12, 17, 2, 10, 17, 11, 19, 0, 0, 5, 13, 13, 5, 5, 5, 8, 8, 8, 8, 8, 8, 8, 8, 8]",[12]
"[12, 12, 17, 2, 10, 17, 11, 19, 0, 0, 5, 13, 13, 5, 5, 5, 8, 8, 8, 8, 8, 8, 8, 8, 8]",[17]
"[12, 12, 17, 2, 10, 17, 11, 19, 0, 0, 5, 13, 13, 5, 5, 5, 8, 8, 8, 8, 8, 8, 8, 8, 8]",[2]
"[12, 12, 17, 2, 10, 17, 11, 19, 0, 0, 5, 13, 13, 5, 5, 5, 8, 8, 8, 8, 8, 8, 8, 8, 8]",[10]
"[12, 12, 17, 2, 10, 17, 11, 19, 0, 0, 5, 13, 13, 5, 5, 5, 8, 8, 8, 8, 8, 8, 8, 8, 8]",[17]
"[11, 19, 0, 0, 5, 5, 13, 13, 5, 5, 5, 5, 8, 8, 8, 8, 8, 8, 8, 8, 8, 8, 8]",[11]
"[19, 0, 0, 5, 5, 5, 13, 13, 5, 5, 5, 5, 8, 8, 8, 8, 8, 8, 8, 8, 8, 8, 8]",[19]
"[19, 0, 0, 5, 5, 5, 13, 13, 5, 5, 5, 5, 8, 8, 8, 8, 8, 8, 8, 8, 8, 8, 8]",[0]
"[0, 5, 5, 5, 13, 13, 13, 5, 5, 5, 5, 8, 8, 8, 8, 8, 8, 8, 8, 8, 8, 8]",[0]
"[0, 5, 5, 5, 13, 13, 13, 5, 5, 5, 5, 8, 8, 8, 8, 8, 8, 8, 8, 8, 8, 8]",[5]
"[5, 5, 13, 13, 13, 5, 5, 5, 5, 8, 8, 8, 8, 8, 8, 8, 8, 8, 8, 8]",[5]
"[5, 5, 13, 13, 13, 5, 5, 5, 5, 8, 8, 8, 8, 8, 8, 8, 8, 8, 8, 8]",[5]
"[13, 13, 13, 5, 5, 5, 5, 8, 8, 8, 8, 8, 8, 8, 8, 8, 8, 8, 8]",[13]
"[13, 13, 13, 5, 5, 5, 5, 8, 8, 8, 8, 8, 8, 8, 8, 8, 8, 8, 8]",[13]
"[13, 13, 13, 5, 5, 5, 5, 8, 8, 8, 8, 8, 8, 8, 8, 8, 8, 8, 8]",[13]
"[13, 13, 13, 5, 5, 5, 5, 8, 8, 8, 8, 8, 8, 8, 8, 8, 8, 8, 8]",[5]
"[13, 13, 13, 5, 5, 5, 5, 8, 8, 8, 8, 8, 8, 8, 8, 8, 8, 8, 8]",[5]
"[5, 5, 8, 8, 8, 8, 8, 8, 8, 8, 8, 8, 8, 8]",[5]
"[5, 5, 8, 8, 8, 8, 8, 8, 8, 8, 8, 8, 8, 8]",[5]
"[8, 8, 8, 8, 8, 8, 8, 8, 8, 8, 8, 8, 8]",[8]
"[8, 8, 8, 8, 8, 8, 8, 8, 8, 8, 8, 8, 8]",[8]
"[8, 8, 8, 8, 8, 8, 8, 8, 8, 8, 8, 8, 8]",[8]
"[8, 8, 8, 8, 8, 8, 8, 8, 8, 8, 8, 8, 8]",[8]
"[8, 8, 8, 8, 8, 8, 8, 8, 8, 8, 8, 8, 8]",[8]
"[8, 8, 8, 8, 8, 8, 8, 8]",[8]
"[8, 8, 8, 8, 8, 8, 8, 8]",[8]
"[8, 8, 8, 8, 8, 8, 8, 8]",[8]
"[8, 8, 8, 8, 8, 8, 8, 8]",[8]
"[8, 8, 8, 8, 8, 8, 8, 8]",[8]
"[8, 8, 8, 8, 8, 8, 8, 8]",[8]
"[8, 8, 8, 8, 8, 8, 8, 8]",[8]
"[8, 8, 8, 8, 8, 8, 8, 8]",[8]
